code,name,source,rule_detail,dif,dea,macd,kongpan,k,d,j,MACD买入,ZJTJ控盘,KDJ买入,财务增长,核心满足,今日涨跌,连选天数,近3日涨幅,近5日涨幅,近10日涨幅,重点关注
601116,三江购物,龙头:601116,✗MACD | ✗ZJTJ,-0.4162,-0.3989,-0.0346,-5.26,31.37,41.18,11.76,✗,✗,✗,✗,✗,-4.43,0,-7.54,-10.52,-3.48,
603859,能科科技,龙头:603859,✓MACD买入 | ✓ZJTJ控盘 | ✓KDJ买入,1.0938,0.964,0.2597,5.14,57.81,43.36,86.69,✓,✓,✓,✗,✓,9.99,1,17.07,13.6,5.54,
600422,昆药集团,龙头:600422,✗MACD | ✗ZJTJ,-0.3436,-0.4265,0.1658,-2.21,30.35,40.74,9.56,✗,✗,✗,✗,✗,-2.07,0,-4.28,-10.24,1.67,
603596,伯特利,龙头:603596,✗MACD | ✗ZJTJ,-0.2316,0.1745,-0.8122,-6.48,16.57,28.14,-6.59,✗,✗,✗,✗,✗,-5.65,0,-6.31,-9.44,-14.09,
603583,捷昌驱动,龙头:603583,✗MACD | ✗ZJTJ | ✓KDJ买入,-1.4244,-1.4002,-0.0484,-7.46,29.52,20.15,48.26,✗,✗,✓,✗,✗,-0.92,0,4.02,1.65,-8.65,
301206,三元生物,龙头:301206,✗MACD | ✗ZJTJ,-0.7203,-0.4652,-0.5102,-7.83,11.33,12.76,8.48,✗,✗,✗,✗,✗,-2.58,0,-3.19,-8.45,-10.04,
002570,贝因美,龙头:002570,✓MACD买入 | ✓ZJTJ控盘,0.0851,0.0134,0.1433,7.97,61.79,62.71,59.94,✓,✓,✗,✗,✓,-5.89,1,1.35,2.53,8.44,
603127,昭衍新药,龙头:603127,✗MACD | ✗ZJTJ,-1.4559,-0.6188,-1.6741,-14.26,8.15,13.46,-2.49,✗,✗,✗,✗,✗,-3.77,0,-6.94,-6.53,-23.38,
688032,禾迈股份,龙头:688032,✗MACD | ✗ZJTJ,-5.845,-4.6073,-2.4754,-12.64,9.4,10.19,7.81,✗,✗,✗,✗,✗,-3.75,0,-5.98,-8.22,-13.5,
603861,白云电器,龙头:603861,✓MACD买入 | ✓ZJTJ控盘 | ✓KDJ买入 | ✓财务增长,0.3106,0.0761,0.4691,8.48,71.26,63.08,87.63,✓,✓,✓,✓,✓,1.72,1,11.31,3.68,14.73,
603178,圣龙股份,龙头:603178,✗MACD | ✗ZJTJ | ✓KDJ买入,-0.4898,-0.092,-0.7958,-11.31,15.4,12.23,21.73,✗,✗,✓,✗,✗,-2.76,0,-2.14,-4.9,-13.56,
002192,融捷股份,龙头:002192,✗MACD | ✗ZJTJ,-2.8005,-1.0252,-3.5506,-12.03,14.47,15.05,13.32,✗,✗,✗,✗,✗,-3.5,0,-6.27,-9.1,-12.13,
300363,博腾股份,龙头:300363,✗MACD | ✗ZJTJ,-1.6133,-1.6088,-0.009,-14.25,6.31,9.12,0.69,✗,✗,✗,✗,✗,-4.03,0,-6.0,-8.89,-12.25,
300759,康龙化成,龙头:300759,✗MACD | ✗ZJTJ,-1.4421,-1.178,-0.5281,-12.05,8.06,9.08,6.02,✗,✗,✗,✗,✗,-4.16,0,-5.87,-9.9,-14.27,
300100,双林股份,龙头:300100,✗MACD | ✗ZJTJ | ✓KDJ买入,-0.0679,0.184,-0.5039,-3.31,29.97,27.66,34.6,✗,✗,✓,✗,✗,-0.06,0,8.89,5.6,-3.89,
002553,南方精工,龙头:002553,✗MACD | ✗ZJTJ | ✓KDJ买入,-1.3817,-1.3374,-0.0887,-10.21,22.54,14.36,38.89,✗,✗,✓,✗,✗,0.16,0,1.82,0.16,-7.85,
600732,爱旭股份,龙头:600732,✗MACD | ✗ZJTJ,-0.8723,-0.729,-0.2865,-14.03,6.92,10.3,0.15,✗,✗,✗,✗,✗,-4.55,0,-8.47,-12.87,-16.01,
002697,红旗连锁,龙头:002697,✗MACD | ✗ZJTJ,-0.0885,-0.0944,0.0118,-2.34,27.68,36.5,10.05,✗,✗,✗,✗,✗,-1.48,0,-1.48,-6.24,0.43,
000333,美的集团,龙头:000333,✓MACD买入 | ✓ZJTJ控盘 | ✓KDJ买入,0.741,0.6506,0.1808,1.87,74.53,66.92,89.75,✓,✓,✓,✗,✓,1.42,1,0.29,1.41,3.81,
002252,上海莱士,龙头:002252,✗MACD | ✗ZJTJ,-0.1203,-0.1182,-0.0043,-3.37,23.48,30.22,10.0,✗,✗,✗,✗,✗,-1.73,0,-2.67,-3.95,-2.11,
601966,玲珑轮胎,龙头:601966,✗MACD | ✗ZJTJ,-0.3757,-0.4157,0.08,-2.91,35.06,36.14,32.89,✗,✗,✗,✗,✗,-1.4,0,-3.08,-1.49,-0.5,
301047,义翘神州,龙头:301047,✗MACD | ✗ZJTJ,-2.4242,-1.9161,-1.0162,-8.17,13.3,16.7,6.5,✗,✗,✗,✗,✗,-2.14,0,-4.89,-6.04,-9.61,
601606,长城军工,龙头:601606,✗MACD | ✗ZJTJ | ✓KDJ买入,-1.8369,-1.4633,-0.7471,-11.45,8.49,7.65,10.17,✗,✗,✓,✗,✗,-1.13,0,-4.18,-7.92,-12.36,
300504,天邑股份,龙头:300504,✗MACD | ✓ZJTJ控盘,0.4751,0.5496,-0.149,1.95,45.48,56.38,23.68,✗,✓,✗,✗,✗,-5.88,0,-4.51,-3.41,-3.11,
002334,英威腾,龙头:002334,✗MACD | ✓ZJTJ控盘 | ✓KDJ买入,0.137,0.1407,-0.0075,1.93,57.23,53.41,64.86,✗,✓,✓,✗,✗,-2.51,0,-0.67,4.07,-4.28,
002487,大金重工,龙头:002487,✗MACD | ✗ZJTJ,-4.0909,-2.3732,-3.4355,-16.77,6.18,8.69,1.17,✗,✗,✗,✗,✗,-7.1,0,-15.39,-18.86,-24.56,
002737,葵花药业,龙头:002737,✗MACD | ✗ZJTJ | ✓KDJ买入,-0.0692,-0.0124,-0.1137,-2.33,35.38,31.73,42.69,✗,✗,✓,✗,✗,-0.23,0,0.47,-2.08,-2.0,
600196,复星医药,龙头:600196,✗MACD | ✗ZJTJ,-0.8548,-0.7346,-0.2405,-7.16,11.39,12.25,9.66,✗,✗,✗,✗,✗,-1.68,0,-2.39,-5.83,-7.08,
603259,药明康德,龙头:603259,✗MACD | ✗ZJTJ,-1.3271,-0.58,-1.4943,-4.64,18.1,21.79,10.71,✗,✗,✗,✗,✗,-0.58,0,-2.88,-3.99,-4.89,
002184,海得控制,龙头:002184,✗MACD | ✗ZJTJ | ✓KDJ买入,-0.0765,0.0362,-0.2254,-4.73,24.44,24.15,25.03,✗,✗,✓,✗,✗,-1.79,0,-0.26,-4.15,-4.39,
600502,安徽建工,龙头:600502,✗MACD | ✗ZJTJ,-0.0998,-0.0813,-0.037,-4.12,25.71,37.28,2.57,✗,✗,✗,✗,✗,-2.41,0,-5.45,-8.99,-4.71,
002434,万里扬,龙头:002434,✗MACD | ✗ZJTJ | ✓KDJ买入,-0.1496,-0.1451,-0.009,-3.06,35.88,31.7,44.25,✗,✗,✓,✗,✗,-2.33,0,-2.99,0.56,-5.56,
300166,东方国信,龙头:300166,✗MACD | ✗ZJTJ,-0.3072,0.0791,-0.7725,-10.51,18.82,19.73,16.99,✗,✗,✗,✗,✗,-6.28,0,-5.13,-6.22,-17.75,
603063,禾望电气,龙头:603063,✗MACD | ✗ZJTJ,2.0119,3.4328,-2.8418,-4.69,22.49,26.03,15.41,✗,✗,✗,✗,✗,-1.95,0,-1.35,0.7,-10.9,
605099,共创草坪,龙头:605099,✗MACD | ✗ZJTJ,-1.359,-0.632,-1.454,-10.56,17.5,19.24,14.02,✗,✗,✗,✗,✗,1.18,0,-0.18,-12.44,-5.88,
002385,大北农,龙头:002385,✗MACD | ✗ZJTJ,-0.1553,-0.147,-0.0165,-7.08,18.81,19.54,17.37,✗,✗,✗,✗,✗,-1.54,0,-3.61,-5.88,-5.04,
001914,招商积余,龙头:001914,✗MACD | ✗ZJTJ,-0.1517,-0.1204,-0.0627,-3.42,26.56,35.41,8.88,✗,✗,✗,✗,✗,-2.19,0,-4.0,-6.95,-3.2,
300081,ST恒信,龙头:300081,✓MACD买入 | ✓ZJTJ控盘 | ✓KDJ买入,0.0359,0.0037,0.0644,4.19,64.15,56.44,79.55,✓,✓,✓,✗,✓,1.64,1,-1.14,1.88,9.07,
300308,中际旭创,龙头:300308,✗MACD | ✓ZJTJ控盘,89.3764,91.5913,-4.4298,10.07,56.74,71.1,28.02,✗,✓,✗,✗,✗,-2.12,0,-9.41,2.21,5.67,
002508,老板电器,龙头:002508,✗MACD | ✗ZJTJ,-0.6349,-0.5986,-0.0726,-6.05,23.77,23.96,23.39,✗,✗,✗,✗,✗,-1.92,0,-0.36,-5.43,-5.48,
600418,江淮汽车,龙头:600418,✗MACD | ✗ZJTJ | ✓KDJ买入,-3.5957,-2.7158,-1.7597,-20.47,8.53,6.88,11.82,✗,✗,✓,✗,✗,1.42,0,-3.53,-8.23,-21.38,
300513,恒实科技,龙头:300513,✗MACD | ✗ZJTJ,-0.3291,-0.2125,-0.2332,-10.58,12.43,14.49,8.3,✗,✗,✗,✗,✗,-3.27,0,-2.78,-8.13,-14.19,
300118,东方日升,龙头:300118,✗MACD | ✗ZJTJ,-1.0633,-0.7458,-0.635,-16.94,12.62,13.06,11.74,✗,✗,✗,✗,✗,-6.58,0,-5.43,-5.5,-20.41,
300502,新易盛,龙头:300502,✓MACD买入 | ✓ZJTJ控盘,53.6163,48.3208,10.5911,13.67,62.22,74.29,38.08,✓,✓,✗,✗,✓,-3.07,1,-7.32,6.65,10.01,
000049,德赛电池,龙头:000049,✗MACD | ✗ZJTJ,-0.8285,-0.5456,-0.5656,-8.63,13.13,15.63,8.12,✗,✗,✗,✗,✗,-4.21,0,-7.24,-8.19,-12.12,
000338,潍柴动力,龙头:000338,✗MACD | ✗ZJTJ,0.3777,1.0537,-1.352,-6.62,28.52,42.48,0.59,✗,✗,✗,✗,✗,-3.66,0,-7.1,-11.04,-14.59,
300170,汉得信息,龙头:300170,✗MACD | ✗ZJTJ,-0.8434,-0.5785,-0.5298,-10.95,15.67,18.76,9.49,✗,✗,✗,✗,✗,-2.1,0,-7.48,-12.48,-13.29,
300501,海顺新材,龙头:300501,✗MACD | ✗ZJTJ | ✓KDJ买入,-0.1582,0.0808,-0.4782,-7.93,25.69,20.56,35.95,✗,✗,✓,✗,✗,3.67,0,0.68,-4.4,-5.08,
000933,神火股份,龙头:000933,✗MACD | ✗ZJTJ,-0.7142,-0.5179,-0.3925,-6.41,21.56,33.73,-2.77,✗,✗,✗,✗,✗,-3.74,0,-12.89,-11.54,-9.26,
002101,广东鸿图,龙头:002101,✗MACD | ✗ZJTJ | ✓KDJ买入,-0.367,-0.3662,-0.0017,-5.64,17.55,16.54,19.56,✗,✗,✓,✗,✗,-2.13,0,-2.35,-4.6,-6.74,
301012,扬电科技,龙头:301012,✗MACD | ✗ZJTJ,-1.2912,-0.2136,-2.1552,-17.06,6.86,9.84,0.9,✗,✗,✗,✗,✗,-7.55,0,-11.62,-13.72,-25.4,
300373,扬杰科技,龙头:300373,✗MACD | ✓ZJTJ控盘,6.0863,6.1523,-0.1321,7.19,40.72,57.63,6.91,✗,✓,✗,✗,✗,-8.18,0,-10.74,-4.83,-0.82,
002573,清新环境,龙头:002573,✗MACD | ✗ZJTJ,-0.0652,-0.063,-0.0044,-2.98,22.17,27.48,11.56,✗,✗,✗,✗,✗,-1.78,0,-2.36,-5.7,-3.5,
000539,粤电力Ａ,龙头:000539,✓MACD买入 | ✓ZJTJ控盘,0.5564,0.5185,0.0759,10.59,61.59,71.22,42.35,✓,✓,✗,✗,✓,-5.7,1,-17.23,-20.37,15.09,
002043,兔 宝 宝,龙头:002043,✗MACD | ✗ZJTJ,-0.506,-0.4277,-0.1566,-7.46,22.18,25.78,14.99,✗,✗,✗,✗,✗,-0.81,0,0.9,-9.1,-4.73,
600004,白云机场,龙头:600004,✗MACD | ✗ZJTJ,-0.164,-0.1602,-0.0076,-2.99,19.97,23.06,13.79,✗,✗,✗,✗,✗,-0.74,0,-1.11,-3.25,-3.14,
002537,海联金汇,龙头:002537,✗MACD | ✗ZJTJ,-0.3829,-0.3416,-0.0827,-10.54,9.83,10.85,7.8,✗,✗,✗,✗,✗,-3.75,0,-4.98,-8.09,-11.39,
601615,明阳智能,龙头:601615,✗MACD | ✗ZJTJ,-0.6704,-0.3018,-0.7371,-15.72,7.49,17.39,-12.32,✗,✗,✗,✗,✗,-6.89,0,-11.9,-18.92,-25.21,
000963,华东医药,龙头:000963,✗MACD | ✗ZJTJ,-1.4033,-1.3794,-0.0479,-6.79,15.38,16.57,13.0,✗,✗,✗,✗,✗,-2.57,0,-1.88,-4.71,-4.94,
002164,宁波东力,龙头:002164,✗MACD | ✗ZJTJ | ✓KDJ买入,-0.0141,0.0185,-0.0651,-0.25,50.71,31.26,89.61,✗,✗,✓,✗,✗,9.98,0,20.07,14.98,2.45,
300207,欣旺达,龙头:300207,✗MACD | ✗ZJTJ,-1.5572,-1.179,-0.7564,-15.47,6.16,7.86,2.77,✗,✗,✗,✗,✗,-5.58,0,-10.33,-14.03,-18.22,
600808,马钢股份,龙头:600808,✗MACD | ✗ZJTJ,-0.2497,-0.2279,-0.0436,-13.58,6.18,6.59,5.37,✗,✗,✗,✗,✗,-5.28,0,-6.6,-9.73,-14.06,
300347,泰格医药,龙头:300347,✗MACD | ✗ZJTJ,-3.8834,-3.7426,-0.2817,-13.62,8.89,10.4,5.88,✗,✗,✗,✗,✗,-7.07,0,-8.13,-8.29,-14.49,
600438,通威股份,龙头:600438,✗MACD | ✗ZJTJ,-0.9564,-0.7458,-0.4211,-14.19,4.09,5.4,1.46,✗,✗,✗,✗,✗,-5.22,0,-7.8,-11.29,-17.37,
600661,昂立教育,龙头:600661,✗MACD | ✗ZJTJ | ✓KDJ买入,-0.4484,-0.3711,-0.1547,-10.24,15.85,15.42,16.73,✗,✗,✓,✗,✗,-2.93,0,-3.05,-8.92,-10.76,
600546,山煤国际,龙头:600546,✗MACD | ✓ZJTJ控盘,0.3466,0.3842,-0.0752,2.27,41.02,52.28,18.48,✗,✓,✗,✗,✗,-3.4,0,-7.28,-10.74,1.11,
002354,天娱数科,龙头:002354,✗MACD | ✗ZJTJ | ✓KDJ买入,0.1533,0.1984,-0.0902,0.55,51.16,43.81,65.85,✗,✗,✓,✗,✗,10.06,0,18.61,-1.48,6.7,
300058,蓝色光标,龙头:300058,✗MACD | ✗ZJTJ,-0.4351,-0.1962,-0.4777,-9.05,20.57,28.22,5.28,✗,✗,✗,✗,✗,-2.84,0,-9.06,-16.2,-10.31,
300094,国联水产,龙头:300094,✗MACD | ✗ZJTJ,-0.0705,-0.0623,-0.0166,-4.51,23.89,30.02,11.63,✗,✗,✗,✗,✗,-3.1,0,-3.77,-7.87,-5.7,
603801,志邦家居,龙头:603801,✗MACD | ✗ZJTJ,-0.4653,-0.3889,-0.1527,-12.19,10.3,10.36,10.19,✗,✗,✗,✗,✗,-2.43,0,-3.8,-10.59,-12.87,
603136,天目湖,龙头:603136,✗MACD | ✗ZJTJ,-0.3511,-0.3488,-0.0046,-5.16,22.82,23.36,21.74,✗,✗,✗,✗,✗,-0.65,0,-0.43,-5.47,-4.28,
600745,*ST闻泰,龙头:600745,✗MACD | ✓ZJTJ控盘,-1.1573,-1.9096,1.5046,6.23,65.1,71.71,51.89,✗,✓,✗,✗,✗,-2.24,0,-3.42,-3.64,22.93,
300675,建科院,龙头:300675,✗MACD | ✗ZJTJ | ✓KDJ买入,-0.4896,-0.3291,-0.321,-8.44,17.46,16.72,18.93,✗,✗,✓,✗,✗,-3.1,0,-2.48,-7.47,-9.66,
002594,比亚迪,龙头:002594,✗MACD | ✗ZJTJ,-1.7556,-1.5512,-0.4089,-3.48,18.35,27.62,-0.17,✗,✗,✗,✗,✗,-1.96,0,-3.83,-2.63,-4.97,
300807,天迈科技,龙头:300807,✗MACD | ✗ZJTJ | ✓KDJ买入,-2.7916,-2.1327,-1.3178,-13.16,18.95,16.04,24.76,✗,✗,✓,✗,✗,2.33,0,-1.8,-7.59,-10.43,
601689,拓普集团,龙头:601689,✗MACD | ✗ZJTJ | ✓KDJ买入,0.735,1.0697,-0.6694,-0.01,48.0,35.69,72.64,✗,✗,✓,✗,✗,0.15,0,8.73,11.31,-5.27,
002241,歌尔股份,龙头:002241,✗MACD | ✗ZJTJ,0.0762,0.429,-0.7057,-5.72,24.28,40.46,-8.09,✗,✗,✗,✗,✗,-6.93,0,-13.84,-12.83,-8.73,
301038,深水规院,龙头:301038,✗MACD | ✗ZJTJ | ✓KDJ买入,-0.3033,-0.2931,-0.0203,-2.02,49.43,42.1,64.09,✗,✗,✓,✗,✗,1.83,0,3.84,1.78,-1.72,
300482,万孚生物,龙头:300482,✗MACD | ✗ZJTJ | ✓KDJ买入,-0.2462,-0.2249,-0.0426,-2.07,44.26,29.54,73.71,✗,✗,✓,✗,✗,-4.27,0,5.86,0.63,-0.39,
002318,久立特材,龙头:002318,✗MACD | ✗ZJTJ | ✓KDJ买入,-1.5401,-1.3537,-0.3728,-11.41,12.95,12.33,14.17,✗,✗,✓,✗,✗,-3.37,0,-1.56,-6.24,-12.06,
300746,汉嘉数智,龙头:300746,✗MACD | ✗ZJTJ | ✓KDJ买入,-0.6319,-0.4486,-0.3666,-12.9,14.51,11.56,20.42,✗,✗,✓,✗,✗,0.46,0,0.18,-4.82,-14.7,
300521,爱司凯,龙头:300521,✗MACD | ✗ZJTJ | ✓KDJ买入,-1.0149,-0.795,-0.4397,-8.35,20.59,19.44,22.9,✗,✗,✓,✗,✗,2.15,0,2.92,-2.26,-2.37,
300531,优博讯,龙头:300531,✗MACD | ✗ZJTJ | ✓KDJ买入,-1.0421,-0.8787,-0.3267,-10.96,33.6,19.55,61.71,✗,✗,✓,✗,✗,4.3,0,5.16,3.19,-7.04,
601865,福莱特,龙头:601865,✗MACD | ✗ZJTJ,-0.742,-0.6576,-0.1689,-11.4,7.81,9.56,4.31,✗,✗,✗,✗,✗,-5.03,0,-6.71,-10.2,-13.15,
603806,福斯特,龙头:603806,✗MACD | ✗ZJTJ,-0.2155,-0.0909,-0.2491,-4.82,25.93,39.8,-1.81,✗,✗,✗,✗,✗,-7.13,0,-8.77,-8.2,-12.8,
603628,清源股份,龙头:603628,✗MACD | ✗ZJTJ,-0.6761,-0.6244,-0.1035,-10.2,12.48,12.94,11.56,✗,✗,✗,✗,✗,-4.45,0,-6.05,-8.94,-12.11,
002080,中材科技,龙头:002080,✗MACD | ✗ZJTJ,1.6625,3.5145,-3.704,-7.9,18.51,31.66,-7.8,✗,✗,✗,✗,✗,-6.26,0,-7.58,-8.18,-21.03,
600876,凯盛新能,龙头:600876,✗MACD | ✗ZJTJ | ✓KDJ买入,-0.2661,-0.2622,-0.0079,-4.25,29.53,25.39,37.81,✗,✗,✓,✗,✗,-3.48,0,3.99,-2.05,-4.97,
300014,亿纬锂能,龙头:300014,✗MACD | ✗ZJTJ,-2.4961,-1.5762,-1.8399,-11.34,12.13,21.7,-7.0,✗,✗,✗,✗,✗,-6.7,0,-13.73,-16.4,-14.05,
002108,沧州明珠,龙头:002108,✗MACD | ✗ZJTJ | ✓KDJ买入,-0.2215,-0.1385,-0.1658,-11.71,11.66,10.2,14.58,✗,✗,✓,✗,✗,-3.79,0,-5.77,-9.33,-13.94,
002036,联创电子,龙头:002036,✗MACD | ✗ZJTJ,0.0092,0.1053,-0.1921,-4.86,18.34,29.1,-3.18,✗,✗,✗,✗,✗,-5.17,0,-3.25,-9.45,-16.47,
300571,平治信息,龙头:300571,✗MACD | ✗ZJTJ,-1.0162,1.3515,-4.7355,-19.52,8.17,10.7,3.1,✗,✗,✗,✗,✗,-5.72,0,-6.24,-6.36,-31.61,
603010,万盛股份,龙头:603010,✗MACD | ✗ZJTJ,0.1693,0.3752,-0.4118,-4.12,19.89,31.77,-3.88,✗,✗,✗,✗,✗,-2.07,0,-4.33,-5.97,-8.54,
300725,药石科技,龙头:300725,✗MACD | ✗ZJTJ,-1.4257,-0.9195,-1.0123,-10.97,8.06,9.15,5.88,✗,✗,✗,✗,✗,-4.81,0,-8.29,-10.04,-14.49,
000915,华特达因,龙头:000915,✗MACD | ✗ZJTJ,-0.6516,-0.6923,0.0813,-2.84,33.42,39.64,20.98,✗,✗,✗,✗,✗,-2.2,0,-2.91,-3.93,-2.98,
600197,伊力特,龙头:600197,✗MACD | ✗ZJTJ,-0.1829,-0.0007,-0.3642,-8.57,12.54,28.39,-19.14,✗,✗,✗,✗,✗,-1.78,0,-6.91,-13.47,-11.39,
000892,欢瑞世纪,龙头:000892,✗MACD | ✗ZJTJ,-0.358,-0.3738,0.0315,-10.9,13.64,19.84,1.23,✗,✗,✗,✗,✗,-3.57,0,-4.79,-11.89,-9.13,
301027,华蓝集团,龙头:301027,✗MACD | ✗ZJTJ,-1.1291,-0.7091,-0.8401,-14.33,7.6,8.56,5.66,✗,✗,✗,✗,✗,-3.94,0,-7.04,-11.01,-18.11,
300992,泰福泵业,龙头:300992,✗MACD | ✗ZJTJ,-1.2942,-1.07,-0.4485,-9.36,15.61,17.4,12.03,✗,✗,✗,✗,✗,-2.9,0,-4.97,-8.35,-12.96,
601886,江河集团,龙头:601886,✗MACD | ✗ZJTJ,-0.1655,-0.0808,-0.1693,-6.09,18.59,19.47,16.83,✗,✗,✗,✗,✗,0.94,0,-1.83,-3.28,-7.46,
300234,开尔新材,龙头:300234,✓MACD买入 | ✓ZJTJ控盘 | ✓KDJ买入,0.5348,0.4771,0.1154,12.09,75.3,69.29,87.32,✓,✓,✓,✗,✓,6.0,1,10.25,11.16,25.81,
300142,沃森生物,龙头:300142,✗MACD | ✗ZJTJ,-0.4068,-0.0942,-0.6252,-13.56,3.82,6.18,-0.89,✗,✗,✗,✗,✗,-5.07,0,-8.03,-10.59,-21.52,
600293,三峡新材,龙头:600293,✓MACD买入 | ✓ZJTJ控盘 | ✓KDJ买入,0.1414,0.0547,0.1733,17.13,78.34,68.5,98.02,✓,✓,✓,✗,✓,4.29,1,26.3,24.02,22.55,
600598,北大荒,龙头:600598,✗MACD | ✗ZJTJ | ✓KDJ买入,-0.3588,-0.328,-0.0617,-3.98,35.02,34.73,35.61,✗,✗,✓,✗,✗,-1.4,0,-2.55,-3.29,-2.82,
300334,津膜科技,龙头:300334,✓MACD买入 | ✓ZJTJ控盘 | ✓KDJ买入,0.1582,0.0243,0.2678,11.39,58.4,38.38,98.43,✓,✓,✓,✗,✓,10.32,1,36.73,30.45,22.41,
002326,永太科技,龙头:002326,✗MACD | ✗ZJTJ | ✓KDJ买入,-0.4831,-0.5749,0.1837,-0.7,56.09,35.88,96.52,✗,✗,✓,✗,✗,5.62,0,5.38,8.13,1.76,
600655,豫园股份,龙头:600655,✗MACD | ✗ZJTJ,-0.0709,-0.0572,-0.0273,-3.36,23.44,37.01,-3.7,✗,✗,✗,✗,✗,-2.63,0,-4.3,-5.92,-5.32,
688261,东微半导,龙头:688261,✗MACD | ✗ZJTJ,0.7943,2.5068,-3.425,-7.74,21.94,36.77,-7.72,✗,✗,✗,✗,✗,-11.39,0,-19.47,-15.42,-21.73,
300917,特发服务,龙头:300917,✗MACD | ✗ZJTJ,-1.2611,-0.973,-0.5763,-9.45,9.77,14.49,0.33,✗,✗,✗,✗,✗,-4.02,0,-5.38,-10.95,-9.02,
300556,丝路视觉,龙头:300556,✗MACD | ✗ZJTJ | ✓KDJ买入,-0.2078,0.0634,-0.5424,-6.46,30.63,19.39,53.1,✗,✗,✓,✗,✗,6.01,0,5.49,-0.2,-6.31,
300102,乾照光电,龙头:300102,✗MACD | ✗ZJTJ | ✓KDJ买入,-2.0408,-1.8846,-0.3124,-12.5,21.1,20.09,23.12,✗,✗,✓,✗,✗,-6.46,0,-5.74,-4.46,-15.26,
300631,久吾高科,龙头:300631,✗MACD | ✗ZJTJ | ✓KDJ买入,-1.175,-0.8322,-0.6856,-10.9,15.0,13.0,18.98,✗,✗,✓,✗,✗,-2.48,0,-1.91,-4.06,-12.51,
002136,安 纳 达,龙头:002136,✗MACD | ✗ZJTJ | ✓KDJ买入,-0.4723,-0.1901,-0.5644,-12.62,11.57,11.49,11.74,✗,✗,✓,✗,✗,-3.86,0,-8.42,-10.74,-17.11,
600007,中国国贸,龙头:600007,✓MACD买入 | ✓ZJTJ控盘 | ✓KDJ买入,0.0788,0.0339,0.0898,1.56,64.13,56.81,78.75,✓,✓,✓,✗,✓,4.56,1,5.25,2.39,4.9,
300387,富邦科技,龙头:300387,✗MACD | ✗ZJTJ,-0.3277,-0.2673,-0.1207,-8.31,14.22,15.63,11.41,✗,✗,✗,✗,✗,-2.75,0,-4.86,-6.53,-9.49,
600388,龙净环保,龙头:600388,✗MACD | ✗ZJTJ,-0.443,-0.1394,-0.6072,-10.17,10.32,18.14,-5.31,✗,✗,✗,✗,✗,-2.21,0,-3.81,-11.35,-14.49,
300737,科顺股份,龙头:300737,✓MACD买入 | ✓ZJTJ控盘,0.2711,0.2613,0.0196,5.48,46.69,50.34,39.39,✓,✓,✗,✗,✓,-20.02,1,-12.76,-8.38,-3.0,
002373,千方科技,龙头:002373,✗MACD | ✗ZJTJ,-0.4388,-0.3788,-0.1199,-10.38,8.29,9.54,5.79,✗,✗,✗,✗,✗,-2.23,0,-3.98,-8.57,-13.34,
600846,同济科技,龙头:600846,✗MACD | ✗ZJTJ,-0.3289,-0.27,-0.1177,-5.56,30.45,32.43,26.5,✗,✗,✗,✗,✗,-3.34,0,-10.41,-2.13,-9.46,
000858,五 粮 液,龙头:000858,✗MACD | ✗ZJTJ,-3.8034,-3.936,0.2652,-5.67,12.34,18.71,-0.4,✗,✗,✗,✗,✗,-1.38,0,-2.9,-4.14,-4.97,
600313,农发种业,龙头:600313,✗MACD | ✗ZJTJ,-0.2912,-0.3127,0.043,-4.85,38.82,38.88,38.69,✗,✗,✗,✗,✗,-2.6,0,-2.92,-3.23,-2.28,
600803,新奥股份,龙头:600803,✗MACD | ✗ZJTJ,-0.4439,-0.3915,-0.1048,-4.15,14.82,19.37,5.73,✗,✗,✗,✗,✗,-1.35,0,-3.51,-4.44,-1.97,
600916,中国黄金,龙头:600916,✗MACD | ✗ZJTJ,-0.3297,-0.3054,-0.0488,-6.92,14.18,18.0,6.54,✗,✗,✗,✗,✗,-3.61,0,-5.67,-6.62,-8.22,
000019,深粮控股,龙头:000019,✗MACD | ✗ZJTJ,-0.2891,-0.2816,-0.0149,-6.12,26.49,27.26,24.95,✗,✗,✗,✗,✗,-1.25,0,-3.06,-4.95,-4.08,
000582,北部湾港,龙头:000582,✗MACD | ✗ZJTJ,0.3972,0.5266,-0.2589,-0.47,30.4,49.36,-7.52,✗,✗,✗,✗,✗,-3.35,0,-18.85,-8.47,-5.54,
000798,中水渔业,龙头:000798,✗MACD | ✗ZJTJ,-0.4056,-0.3792,-0.0529,-7.93,11.36,14.4,5.27,✗,✗,✗,✗,✗,-1.99,0,-3.9,-8.89,-8.47,
300801,泰和科技,龙头:300801,✗MACD | ✗ZJTJ,-1.0349,-0.5134,-1.0429,-12.35,11.76,13.55,8.17,✗,✗,✗,✗,✗,-5.83,0,-8.37,-10.62,-17.34,
002568,百润股份,龙头:002568,✗MACD | ✓ZJTJ控盘,0.27,0.294,-0.0479,1.09,41.01,50.97,21.09,✗,✓,✗,✗,✗,2.29,0,-2.34,-6.88,3.18,
600600,青岛啤酒,龙头:600600,✗MACD | ✗ZJTJ,-0.5963,-0.5029,-0.1867,-1.92,35.63,38.93,29.03,✗,✗,✗,✗,✗,0.74,0,0.53,-2.16,-0.2,
000848,承德露露,龙头:000848,✗MACD | ✗ZJTJ,-0.0476,0.0212,-0.1377,-4.08,21.98,30.42,5.1,✗,✗,✗,✗,✗,-2.14,0,-3.6,-5.94,-3.84,
601888,中国中免,龙头:601888,✗MACD | ✗ZJTJ | ✓KDJ买入,-2.0793,-2.4938,0.8292,-2.23,43.3,39.79,50.3,✗,✗,✓,✗,✗,0.44,0,0.7,-2.1,1.14,
002481,双塔食品,龙头:002481,✗MACD | ✗ZJTJ,-0.1086,-0.0981,-0.021,-4.68,26.87,35.8,9.02,✗,✗,✗,✗,✗,-1.24,0,-3.16,-7.21,-3.16,
300894,火星人,龙头:300894,✗MACD | ✗ZJTJ,-0.4016,-0.2961,-0.2111,-9.98,13.07,13.36,12.49,✗,✗,✗,✗,✗,-1.57,0,-0.68,-7.0,-12.74,
600770,综艺股份,龙头:600770,✗MACD | ✗ZJTJ,-0.2551,-0.1194,-0.2713,-12.74,10.61,11.77,8.27,✗,✗,✗,✗,✗,-5.81,0,-6.59,-7.8,-16.25,
002584,西陇科学,龙头:002584,✗MACD | ✗ZJTJ,-0.1764,-0.0804,-0.192,-7.98,19.87,25.03,9.55,✗,✗,✗,✗,✗,-5.17,0,-3.37,-5.79,-15.27,
600171,上海贝岭,龙头:600171,✗MACD | ✗ZJTJ,-0.4567,-0.098,-0.7174,-7.22,16.92,24.45,1.84,✗,✗,✗,✗,✗,-4.4,0,-3.6,-3.35,-14.06,
002135,东南网架,龙头:002135,✗MACD | ✗ZJTJ,-0.2509,-0.0744,-0.3531,-12.44,12.65,13.32,11.32,✗,✗,✗,✗,✗,-5.77,0,-3.04,-3.97,-19.77,
600268,国电南自,龙头:600268,✗MACD | ✗ZJTJ,-0.6463,-0.4373,-0.4179,-12.2,11.36,15.36,3.35,✗,✗,✗,✗,✗,-4.14,0,-11.14,-14.96,-14.66,
001210,金房能源,龙头:001210,✗MACD | ✗ZJTJ,0.957,1.9049,-1.8958,-10.09,27.05,48.06,-14.97,✗,✗,✗,✗,✗,-7.7,0,-35.91,-31.33,-20.05,
300629,新劲刚,龙头:300629,✗MACD | ✗ZJTJ,-0.948,-0.438,-1.0199,-13.56,9.27,12.67,2.47,✗,✗,✗,✗,✗,-5.49,0,-6.71,-8.07,-22.4,
600371,万向德农,龙头:600371,✗MACD | ✗ZJTJ,-0.313,-0.2679,-0.0902,-7.8,16.81,18.17,14.09,✗,✗,✗,✗,✗,-2.59,0,-3.12,-8.1,-8.45,
002222,福晶科技,龙头:002222,✗MACD | ✗ZJTJ,-0.278,2.3244,-5.2049,-10.3,18.05,23.76,6.64,✗,✗,✗,✗,✗,-8.37,0,-12.63,-5.3,-22.69,
603611,诺力股份,龙头:603611,✗MACD | ✗ZJTJ | ✓KDJ买入,-0.4201,-0.4574,0.0746,-2.18,47.32,38.33,65.29,✗,✗,✓,✗,✗,-1.25,0,0.44,-0.33,-2.21,
300189,神农种业,龙头:300189,✗MACD | ✗ZJTJ | ✓KDJ买入,-0.3367,-0.352,0.0305,-7.6,29.05,27.09,32.95,✗,✗,✓,✗,✗,-1.98,0,-3.31,-5.34,-6.77,
601126,四方股份,龙头:601126,✗MACD | ✗ZJTJ,3.2748,5.5786,-4.6077,-6.31,17.57,27.42,-2.14,✗,✗,✗,✗,✗,-5.68,0,-11.16,-10.18,-15.17,
300755,华致酒行,龙头:300755,✗MACD | ✗ZJTJ,0.1849,0.4259,-0.4821,-4.62,17.67,23.41,6.19,✗,✗,✗,✗,✗,1.54,0,-3.07,-7.51,-11.25,
301071,力量钻石,龙头:301071,✗MACD | ✓ZJTJ控盘,6.1472,6.5823,-0.8702,8.44,33.87,50.04,1.52,✗,✓,✗,✗,✗,-4.23,0,-11.62,-2.8,-4.73,
002155,湖南黄金,龙头:002155,✗MACD | ✗ZJTJ,-1.2638,-1.2315,-0.0646,-7.37,28.99,35.29,16.4,✗,✗,✗,✗,✗,-5.81,0,-9.62,-5.58,-9.58,
002270,华明装备,龙头:002270,✗MACD | ✗ZJTJ,-1.5235,-1.2888,-0.4694,-13.61,8.83,10.09,6.3,✗,✗,✗,✗,✗,-4.91,0,-5.0,-9.89,-18.11,
605555,德昌股份,龙头:605555,✗MACD | ✓ZJTJ控盘 | ✓KDJ买入,-0.0217,-0.0489,0.0545,0.79,61.63,50.65,83.59,✗,✓,✓,✗,✗,-1.23,0,-1.29,6.64,-3.37,
002938,鹏鼎控股,龙头:002938,✗MACD | ✓ZJTJ控盘,9.4342,9.8937,-0.9189,10.71,52.37,52.48,52.16,✗,✓,✗,✗,✗,5.51,0,3.42,8.38,-2.03,
600980,北矿科技,龙头:600980,✗MACD | ✗ZJTJ,-0.595,-0.3894,-0.411,-7.24,20.21,21.46,17.71,✗,✗,✗,✗,✗,-4.25,0,-3.93,-3.33,-11.93,
605090,九丰能源,龙头:605090,✗MACD | ✗ZJTJ | ✓KDJ买入,-1.8517,-1.5332,-0.637,-9.03,16.78,15.86,18.64,✗,✗,✓,✗,✗,-3.94,0,-1.93,-2.67,-8.8,
002001,新 和 成,龙头:002001,✗MACD | ✗ZJTJ | ✓KDJ买入,-0.5966,-0.8144,0.4356,0.44,57.45,50.0,72.33,✗,✗,✓,✗,✗,-2.8,0,2.59,3.35,3.49,
300432,富临精工,龙头:300432,✗MACD | ✗ZJTJ,-0.6889,-0.4056,-0.5666,-8.24,17.39,19.75,12.67,✗,✗,✗,✗,✗,-5.52,0,-8.37,-8.17,-10.6,
300479,神思电子,龙头:300479,✗MACD | ✗ZJTJ | ✓KDJ买入,-0.8708,-0.8067,-0.1282,-9.32,14.01,13.69,14.65,✗,✗,✓,✗,✗,-2.53,0,-2.46,-5.62,-10.69,
300546,雄帝科技,龙头:300546,✗MACD | ✗ZJTJ | ✓KDJ买入,-1.1767,-0.956,-0.4413,-13.2,11.46,10.09,14.2,✗,✗,✓,✗,✗,-2.67,0,-2.78,-6.7,-13.84,
300570,太辰光,龙头:300570,✗MACD | ✗ZJTJ,4.2648,5.5489,-2.5682,0.68,45.66,49.02,38.96,✗,✗,✗,✗,✗,-8.6,0,-8.83,4.16,-5.7,
300037,新宙邦,龙头:300037,✓MACD买入 | ✓ZJTJ控盘,2.8314,2.6607,0.3416,6.34,52.38,56.3,44.53,✓,✓,✗,✗,✓,-3.58,1,3.11,3.24,7.09,
300423,昇辉科技,龙头:300423,✗MACD | ✗ZJTJ | ✓KDJ买入,-0.4595,-0.4039,-0.1113,-12.34,11.82,11.78,11.91,✗,✗,✓,✗,✗,-4.11,0,-6.18,-9.27,-12.28,
002166,莱茵生物,龙头:002166,✗MACD | ✗ZJTJ,-0.296,-0.1832,-0.2256,-10.31,8.61,9.14,7.57,✗,✗,✗,✗,✗,-2.6,0,-4.46,-9.31,-14.68,
002878,元隆雅图,龙头:002878,✗MACD | ✗ZJTJ | ✓KDJ买入,-0.7398,-0.7169,-0.0459,-6.15,46.61,43.68,52.47,✗,✗,✓,✗,✗,0.99,0,1.66,-7.53,4.42,
300415,伊之密,龙头:300415,✗MACD | ✗ZJTJ | ✓KDJ买入,-0.9924,-0.6118,-0.761,-11.89,11.06,10.87,11.45,✗,✗,✓,✗,✗,-1.85,0,-3.8,-3.14,-14.76,
000591,太阳能,龙头:000591,✗MACD | ✗ZJTJ,-0.05,0.0499,-0.1998,-8.77,10.77,22.14,-11.98,✗,✗,✗,✗,✗,-3.8,0,-8.99,-14.53,-16.23,
300963,中洲特材,龙头:300963,✗MACD | ✗ZJTJ,-0.8035,-0.6339,-0.3392,-11.33,16.96,17.82,15.24,✗,✗,✗,✗,✗,-5.23,0,-5.56,-6.39,-15.37,
300057,万顺新材,龙头:300057,✗MACD | ✗ZJTJ,0.0915,0.1931,-0.2033,-2.78,30.06,40.67,8.82,✗,✗,✗,✗,✗,-5.09,0,-8.17,-7.24,-6.82,
002328,新朋股份,龙头:002328,✗MACD | ✗ZJTJ,-0.3572,-0.1357,-0.4431,-13.94,11.44,20.17,-6.03,✗,✗,✗,✗,✗,-6.76,0,-14.16,-23.74,-20.63,
000009,中国宝安,龙头:000009,✗MACD | ✗ZJTJ | ✓KDJ买入,-0.3868,-0.3575,-0.0587,-8.5,12.64,11.58,14.77,✗,✗,✓,✗,✗,-3.34,0,-3.61,-6.96,-7.82,
300409,道氏技术,龙头:300409,✗MACD | ✗ZJTJ,-1.3839,-1.022,-0.7238,-13.97,8.03,11.23,1.65,✗,✗,✗,✗,✗,-5.12,0,-7.41,-9.67,-17.93,
603730,岱美股份,龙头:603730,✗MACD | ✓ZJTJ控盘,0.5764,0.6437,-0.1345,4.08,39.01,43.34,30.37,✗,✓,✗,✗,✗,4.89,0,5.82,3.15,-0.76,
603026,石大胜华,龙头:603026,✗MACD | ✗ZJTJ,-4.0583,-2.2257,-3.6651,-13.24,8.73,9.15,7.88,✗,✗,✗,✗,✗,-5.35,0,-8.64,-11.45,-15.36,
600366,宁波韵升,龙头:600366,✗MACD | ✗ZJTJ | ✓KDJ买入,-0.1108,-0.0672,-0.0872,-2.16,48.46,40.15,65.09,✗,✗,✓,✗,✗,0.63,0,1.1,5.35,-3.61,
600230,沧州大化,龙头:600230,✗MACD | ✗ZJTJ,-1.0226,-0.9712,-0.1028,-10.15,13.39,14.91,10.36,✗,✗,✗,✗,✗,-4.79,0,-7.11,-8.08,-10.76,
002416,爱施德,龙头:002416,✗MACD | ✗ZJTJ | ✓KDJ买入,-0.6167,-0.5282,-0.1772,-10.34,14.1,14.05,14.19,✗,✗,✓,✗,✗,-4.18,0,-4.09,-4.55,-10.24,
603507,振江股份,龙头:603507,✗MACD | ✗ZJTJ,-2.1061,-1.3105,-1.5912,-14.33,6.69,7.64,4.77,✗,✗,✗,✗,✗,-4.28,0,-8.08,-11.21,-17.66,
300031,宝通科技,龙头:300031,✗MACD | ✓ZJTJ控盘 | ✓KDJ买入,0.4312,0.536,-0.2097,1.2,51.53,37.73,79.14,✗,✓,✓,✗,✗,-0.51,0,8.18,3.63,-0.39,
600549,厦门钨业,龙头:600549,✗MACD | ✓ZJTJ控盘 | ✓KDJ买入,0.6139,-0.5715,2.3708,10.46,70.83,69.09,74.32,✗,✓,✓,✗,✗,-3.82,0,-1.07,12.34,14.39,
002975,博杰股份,龙头:002975,✗MACD | ✓ZJTJ控盘,11.8312,13.7332,-3.8041,5.86,41.46,60.54,3.3,✗,✓,✗,✗,✗,-10.0,0,-19.53,-11.83,-10.93,
002142,宁波银行,龙头:002142,✗MACD | ✗ZJTJ,-0.226,-0.1758,-0.1002,-1.47,39.77,40.15,39.02,✗,✗,✗,✗,✗,1.47,0,-0.74,-1.27,0.29,
003025,思进智能,龙头:003025,✗MACD | ✗ZJTJ | ✓KDJ买入,0.1633,0.1984,-0.0702,0.73,40.19,31.56,57.44,✗,✗,✓,✗,✗,5.32,0,9.67,6.83,4.96,
002797,第一创业,龙头:002797,✗MACD | ✗ZJTJ,-0.2797,-0.1849,-0.1896,-10.66,6.06,7.51,3.17,✗,✗,✗,✗,✗,-2.16,0,-6.48,-9.8,-13.49,
300049,福瑞医科,龙头:300049,✗MACD | ✗ZJTJ,-3.7101,-2.7305,-1.9592,-18.1,6.13,7.66,3.08,✗,✗,✗,✗,✗,-3.93,0,-6.26,-10.4,-22.03,
002989,中天精装,龙头:002989,✗MACD | ✗ZJTJ | ✓KDJ买入,-0.2611,0.2376,-0.9973,-7.33,23.71,22.53,26.07,✗,✗,✓,✗,✗,-4.57,0,-2.36,-0.75,-12.4,
603777,来伊份,龙头:603777,✗MACD | ✗ZJTJ | ✓KDJ买入,-0.0622,0.3669,-0.8582,-9.3,13.85,13.84,13.87,✗,✗,✓,✗,✗,-1.7,0,-3.96,-4.83,-13.84,
603212,赛伍技术,龙头:603212,✓MACD买入 | ✓ZJTJ控盘 | ✓KDJ买入,0.4771,0.3505,0.2533,8.07,83.25,69.46,110.82,✓,✓,✓,✗,✓,4.41,1,5.21,14.43,11.81,
002799,环球印务,龙头:002799,✗MACD | ✗ZJTJ | ✓KDJ买入,-0.3538,-0.251,-0.2056,-11.16,15.04,14.18,16.78,✗,✗,✓,✗,✗,-2.9,0,-3.56,-9.16,-12.76,
603089,正裕工业,龙头:603089,✗MACD | ✗ZJTJ,-0.4809,-0.4202,-0.1216,-8.38,14.6,15.84,12.13,✗,✗,✗,✗,✗,-2.06,0,-2.82,-6.02,-12.13,
603191,望变电气,龙头:603191,✗MACD | ✗ZJTJ,-0.6876,-0.1926,-0.99,-14.86,13.14,22.83,-6.24,✗,✗,✗,✗,✗,-6.26,0,-16.85,-25.65,-22.39,
002105,信隆健康,龙头:002105,✗MACD | ✗ZJTJ | ✓KDJ买入,-0.2165,-0.1568,-0.1196,-8.57,19.22,16.83,24.01,✗,✗,✓,✗,✗,-3.6,0,-2.93,-8.01,-10.49,
002579,中京电子,龙头:002579,✓MACD买入 | ✓ZJTJ控盘,1.6057,1.3547,0.502,18.07,55.69,72.24,22.58,✓,✓,✗,✗,✓,-10.01,1,-13.52,-10.86,23.04,
600571,信雅达,龙头:600571,✗MACD | ✗ZJTJ,-0.5435,-0.4661,-0.1548,-8.8,10.6,12.76,6.29,✗,✗,✗,✗,✗,-2.66,0,-3.26,-7.5,-8.12,
000978,桂林旅游,龙头:000978,✗MACD | ✗ZJTJ,-0.1022,-0.1329,0.0613,-0.67,52.64,63.61,30.72,✗,✗,✗,✗,✗,-3.77,0,-3.63,-4.92,-0.78,
000011,深物业A,龙头:000011,✗MACD | ✗ZJTJ | ✓KDJ买入,-0.2201,-0.2275,0.0149,-3.59,36.78,33.29,43.75,✗,✗,✓,✗,✗,-5.41,0,-1.92,-5.28,-4.27,
603733,仙鹤股份,龙头:603733,✓MACD买入 | ✓ZJTJ控盘 | ✓KDJ买入,1.0249,0.5301,0.9896,14.54,86.52,81.8,95.96,✓,✓,✓,✗,✓,-0.76,1,2.24,6.82,24.24,
300998,宁波方正,龙头:300998,✗MACD | ✗ZJTJ,0.0274,0.3942,-0.7337,-4.98,23.04,28.72,11.69,✗,✗,✗,✗,✗,1.34,0,1.03,-2.64,-7.23,
603912,佳力图,龙头:603912,✗MACD | ✗ZJTJ,-0.5354,-0.3298,-0.4112,-15.0,13.12,13.25,12.86,✗,✗,✗,✗,✗,-5.57,0,-5.99,-5.68,-19.49,
002079,苏州固锝,龙头:002079,✗MACD | ✗ZJTJ,0.156,0.3637,-0.4153,-4.91,15.15,21.78,1.89,✗,✗,✗,✗,✗,-6.44,0,-6.14,-6.21,-10.11,
002956,西麦食品,龙头:002956,✗MACD | ✗ZJTJ,0.1509,0.2827,-0.2635,-1.36,45.03,52.52,30.05,✗,✗,✗,✗,✗,-1.45,0,0.05,-5.33,3.48,
603266,天龙股份,龙头:603266,✗MACD | ✗ZJTJ,-0.4237,-0.2266,-0.3942,-6.78,16.17,18.96,10.61,✗,✗,✗,✗,✗,-2.51,0,-2.36,-2.88,-11.24,
300073,当升科技,龙头:300073,✗MACD | ✗ZJTJ,-1.9935,-0.9433,-2.1003,-12.22,7.15,10.97,-0.48,✗,✗,✗,✗,✗,-6.5,0,-10.67,-13.37,-16.15,
301155,海力风电,龙头:301155,✗MACD | ✗ZJTJ,-3.7037,-1.9197,-3.5679,-20.31,5.01,10.79,-6.55,✗,✗,✗,✗,✗,-7.1,0,-16.67,-22.3,-30.45,
300508,维宏股份,龙头:300508,✗MACD | ✓ZJTJ控盘 | ✓KDJ买入,1.6197,1.6321,-0.0249,5.52,50.94,37.37,78.07,✗,✓,✓,✗,✗,12.37,0,20.6,24.88,8.13,
300275,梅安森,龙头:300275,✗MACD | ✗ZJTJ | ✓KDJ买入,-0.4023,-0.3542,-0.0961,-7.07,21.48,19.87,24.7,✗,✗,✓,✗,✗,4.88,0,5.21,1.44,-15.18,
000026,飞亚达,龙头:000026,✗MACD | ✗ZJTJ,0.9038,1.3242,-0.8409,-2.22,18.51,26.57,2.37,✗,✗,✗,✗,✗,-5.36,0,-4.6,-6.36,-21.04,
002463,沪电股份,龙头:002463,✓MACD买入 | ✓ZJTJ控盘 | ✓财务增长,9.4955,8.5639,1.8633,13.61,74.07,75.25,71.69,✓,✓,✗,✓,✓,2.84,1,5.55,11.83,11.8,
600867,通化东宝,龙头:600867,✗MACD | ✗ZJTJ,-0.3373,-0.2935,-0.0876,-7.67,16.25,26.35,-3.95,✗,✗,✗,✗,✗,-3.04,0,-8.26,-10.93,-7.82,
300530,领湃科技,龙头:300530,✗MACD | ✗ZJTJ,-1.3217,-1.0029,-0.6376,-14.4,9.97,12.48,4.96,✗,✗,✗,✗,✗,-5.61,0,-6.33,-14.47,-18.79,
002460,赣锋锂业,龙头:002460,✗MACD | ✗ZJTJ,-4.0768,-2.8763,-2.401,-13.82,9.6,10.74,7.31,✗,✗,✗,✗,✗,-4.4,0,-8.77,-10.16,-16.43,
603385,惠达卫浴,龙头:603385,✗MACD | ✗ZJTJ | ✓KDJ买入,-0.2427,-0.2028,-0.0799,-8.06,20.15,19.94,20.57,✗,✗,✓,✗,✗,-3.66,0,-2.3,-8.29,-9.05,
300787,海能实业,龙头:300787,✗MACD | ✗ZJTJ,-0.4631,-0.3805,-0.165,-9.75,15.74,19.14,8.95,✗,✗,✗,✗,✗,-4.64,0,-5.93,-9.69,-15.04,
002182,宝武镁业,龙头:002182,✗MACD | ✗ZJTJ,-0.6369,-0.4759,-0.3218,-10.32,13.25,17.13,5.5,✗,✗,✗,✗,✗,-6.21,0,-8.95,-7.27,-16.53,
000519,中兵红箭,龙头:000519,✓MACD买入 | ✓ZJTJ控盘,0.4253,0.3803,0.09,3.58,46.94,59.46,21.91,✓,✓,✗,✗,✓,-3.89,1,-8.46,-3.99,-2.22,
300223,北京君正,龙头:300223,✗MACD | ✓ZJTJ控盘,4.7936,5.8605,-2.1339,1.48,33.1,37.51,24.28,✗,✓,✗,✗,✗,7.1,0,3.39,3.57,5.17,
003009,中天火箭,龙头:003009,✗MACD | ✗ZJTJ | ✓KDJ买入,-1.6581,-1.9875,0.6588,-0.37,61.42,35.21,113.84,✗,✗,✓,✗,✗,10.0,0,18.79,19.89,9.21,
300659,中孚信息,龙头:300659,✗MACD | ✗ZJTJ | ✓KDJ买入,-0.5913,-0.4962,-0.1903,-10.04,14.69,13.62,16.85,✗,✗,✓,✗,✗,-3.28,0,-4.15,-7.25,-12.16,
688297,中无人机,龙头:688297,✗MACD | ✗ZJTJ,-0.644,-0.8261,0.3642,-0.58,49.09,52.32,42.62,✗,✗,✗,✗,✗,1.09,0,-3.55,-1.07,-2.9,
688082,盛美上海,龙头:688082,✓MACD买入 | ✓ZJTJ控盘 | ✓财务增长,21.6002,20.2643,2.6718,14.99,60.73,63.14,55.91,✓,✓,✗,✓,✓,-2.15,1,-2.9,14.15,-2.15,
600054,黄山旅游,龙头:600054,✗MACD | ✗ZJTJ,-0.2697,-0.2884,0.0374,-2.92,29.59,36.48,15.8,✗,✗,✗,✗,✗,-1.75,0,-2.99,-4.55,-1.93,
002469,三维化学,龙头:002469,✗MACD | ✗ZJTJ | ✓KDJ买入,-0.2771,-0.3272,0.1002,-2.98,45.07,33.3,68.6,✗,✗,✓,✗,✗,4.13,0,2.02,0.0,-1.2,
300820,英杰电气,龙头:300820,✗MACD | ✗ZJTJ,3.0709,3.948,-1.7542,0.69,30.15,36.61,17.22,✗,✗,✗,✗,✗,-7.07,0,-5.07,-4.69,-8.9,
300861,美畅股份,龙头:300861,✗MACD | ✗ZJTJ,-0.143,0.3408,-0.9675,-10.64,12.85,18.63,1.28,✗,✗,✗,✗,✗,-5.04,0,-6.66,-8.7,-18.21,
688359,三孚新科,龙头:688359,✗MACD | ✓ZJTJ控盘 | ✓KDJ买入,7.3905,9.0016,-3.222,2.99,54.46,51.94,59.5,✗,✓,✓,✗,✗,-1.1,0,10.47,-0.28,-7.77,
301368,丰立智能,龙头:301368,✗MACD | ✗ZJTJ | ✓KDJ买入,-1.5205,-1.0295,-0.9821,-7.63,35.66,23.39,60.22,✗,✗,✓,✗,✗,1.75,0,9.91,4.59,-8.13,
000738,航发控制,龙头:000738,✗MACD | ✗ZJTJ | ✓KDJ买入,-0.8322,-0.6385,-0.3873,-9.37,12.09,11.41,13.44,✗,✗,✓,✗,✗,-1.7,0,-1.07,-3.55,-12.45,
300783,三只松鼠,龙头:300783,✗MACD | ✗ZJTJ | ✓KDJ买入,-0.4059,-0.2896,-0.2327,-5.32,43.06,35.1,58.99,✗,✗,✓,✗,✗,-3.64,0,0.34,-5.42,-4.8,
300444,双杰电气,龙头:300444,✗MACD | ✗ZJTJ,-0.5766,-0.3041,-0.545,-12.36,10.32,12.83,5.29,✗,✗,✗,✗,✗,-4.22,0,-7.31,-12.93,-16.26,
600211,西藏药业,龙头:600211,✗MACD | ✗ZJTJ,-0.888,-0.6338,-0.5083,-5.72,14.38,16.97,9.19,✗,✗,✗,✗,✗,-3.3,0,-4.34,-5.26,-7.15,
000068,华控赛格,龙头:000068,✗MACD | ✓ZJTJ控盘 | ✓KDJ买入,0.0578,-0.0129,0.1414,12.35,85.57,70.3,116.09,✗,✓,✓,✗,✗,10.11,0,21.74,24.05,26.45,
001289,龙源电力,龙头:001289,✓MACD买入 | ✓ZJTJ控盘,0.5017,0.4634,0.0766,4.41,51.44,61.41,31.51,✓,✓,✗,✗,✓,0.71,1,-1.7,-2.48,2.1,
601566,九牧王,龙头:601566,✗MACD | ✗ZJTJ,0.093,0.2467,-0.3075,-4.77,30.4,43.79,3.62,✗,✗,✗,✗,✗,-2.41,0,-10.2,-14.29,-14.02,
300729,乐歌股份,龙头:300729,✗MACD | ✗ZJTJ | ✓KDJ买入,-0.3915,-0.2897,-0.2037,-8.17,18.88,17.5,21.65,✗,✗,✓,✗,✗,-2.02,0,-3.79,-8.18,-10.04,
300532,今天国际,龙头:300532,✗MACD | ✗ZJTJ | ✓KDJ买入,-0.2922,-0.2333,-0.1178,-8.37,15.56,13.76,19.16,✗,✗,✓,✗,✗,-0.58,0,-1.29,-3.51,-9.83,
000869,张  裕Ａ,龙头:000869,✗MACD | ✗ZJTJ,-0.3835,-0.2945,-0.178,-4.79,21.67,26.47,12.08,✗,✗,✗,✗,✗,-1.9,0,-3.1,-5.25,-5.71,
000722,湖南发展,龙头:000722,✓MACD买入 | ✓ZJTJ控盘,0.2886,0.2409,0.0955,3.64,44.35,51.76,29.54,✓,✓,✗,✗,✓,-4.7,1,-13.57,-11.5,3.01,
002845,同兴达,龙头:002845,✗MACD | ✗ZJTJ,0.2105,0.3059,-0.1907,-0.78,26.41,33.42,12.39,✗,✗,✗,✗,✗,-3.82,0,-1.11,-2.64,-9.03,
600283,钱江水利,龙头:600283,✗MACD | ✗ZJTJ,-0.17,-0.126,-0.088,-4.71,13.6,20.49,-0.16,✗,✗,✗,✗,✗,-0.36,0,-2.43,-5.71,-6.96,
300770,新媒股份,龙头:300770,✗MACD | ✗ZJTJ,-1.2364,-1.0527,-0.3675,-6.9,14.92,17.91,8.94,✗,✗,✗,✗,✗,-2.19,0,-4.1,-7.84,-6.64,
600833,第一医药,龙头:600833,✗MACD | ✗ZJTJ | ✓KDJ买入,-0.4145,-0.3342,-0.1604,-8.01,19.21,18.18,21.26,✗,✗,✓,✗,✗,-2.03,0,-2.03,-7.42,-9.49,
002870,香山股份,龙头:002870,✗MACD | ✗ZJTJ,0.1012,0.5939,-0.9854,-4.62,21.89,29.91,5.85,✗,✗,✗,✗,✗,-2.92,0,-3.61,-4.92,-7.84,
002527,新时达,龙头:002527,✓MACD买入 | ✓ZJTJ控盘 | ✓KDJ买入,0.4765,0.2661,0.4208,10.73,80.92,75.12,92.53,✓,✓,✓,✗,✓,5.57,1,11.12,5.37,14.24,
600215,派斯林,龙头:600215,✗MACD | ✗ZJTJ | ✓KDJ买入,-0.0801,-0.0599,-0.0403,-2.6,41.87,32.63,60.37,✗,✗,✓,✗,✗,0.75,0,6.53,-1.76,-3.6,
603088,宁波精达,龙头:603088,✗MACD | ✗ZJTJ | ✓KDJ买入,-0.6278,-0.5138,-0.2279,-11.34,13.46,13.35,13.68,✗,✗,✓,✗,✗,-3.24,0,-1.55,-3.15,-14.98,
301216,万凯新材,龙头:301216,✗MACD | ✗ZJTJ | ✓KDJ买入,-1.0727,-0.7884,-0.5685,-9.2,18.43,16.81,21.65,✗,✗,✓,✗,✗,-1.54,0,-4.84,-2.83,-5.69,
300133,华策影视,龙头:300133,✗MACD | ✗ZJTJ,-0.3271,-0.0732,-0.5079,-16.67,4.27,6.67,-0.53,✗,✗,✗,✗,✗,-4.04,0,-9.64,-14.83,-22.02,
300577,开润股份,龙头:300577,✗MACD | ✗ZJTJ | ✓KDJ买入,-0.855,-0.6145,-0.481,-11.56,11.09,10.28,12.71,✗,✗,✓,✗,✗,-3.0,0,-5.37,-6.38,-12.19,
300769,德方纳米,龙头:300769,✗MACD | ✗ZJTJ | ✓KDJ买入,-0.0186,2.0161,-4.0695,-11.15,12.48,12.07,13.28,✗,✗,✓,✗,✗,-5.52,0,-6.99,-8.88,-14.6,
300660,江苏雷利,龙头:300660,✗MACD | ✗ZJTJ,-2.55,-1.0081,-3.0837,-22.91,15.67,18.25,10.52,✗,✗,✗,✗,✗,2.42,0,8.35,-18.81,-26.47,
000723,美锦能源,龙头:000723,✗MACD | ✓ZJTJ控盘,-0.0124,-0.0497,0.0745,2.56,61.99,72.31,41.34,✗,✓,✗,✗,✗,-2.99,0,-4.52,-4.74,2.43,
002877,智能自控,龙头:002877,✗MACD | ✗ZJTJ | ✓KDJ买入,-0.2331,-0.2016,-0.063,-4.74,44.34,29.8,73.44,✗,✗,✓,✗,✗,-4.17,0,3.76,0.36,-6.33,
300778,新城市,龙头:300778,✗MACD | ✗ZJTJ,-0.5313,-0.253,-0.5566,-14.39,10.0,12.08,5.83,✗,✗,✗,✗,✗,-1.25,0,-4.24,-8.52,-18.32,
603103,横店影视,龙头:603103,✗MACD | ✓ZJTJ控盘,0.167,-0.0601,0.4543,4.81,51.62,55.99,42.89,✗,✓,✗,✗,✗,-7.34,0,-1.19,-4.68,7.95,
002922,伊戈尔,龙头:002922,✗MACD | ✗ZJTJ,-0.8832,0.1145,-1.9954,-12.83,12.37,24.36,-11.59,✗,✗,✗,✗,✗,-6.64,0,-9.93,-15.63,-17.83,
002363,隆基机械,龙头:002363,✗MACD | ✗ZJTJ | ✓KDJ买入,-0.3561,-0.2912,-0.1298,-9.67,15.39,14.22,17.74,✗,✗,✓,✗,✗,-2.56,0,-3.25,-5.91,-10.81,
605333,沪光股份,龙头:605333,✗MACD | ✗ZJTJ,-1.288,-1.1122,-0.3515,-11.46,9.89,10.07,9.54,✗,✗,✗,✗,✗,-2.73,0,-4.89,-6.55,-12.73,
601005,重庆钢铁,龙头:601005,✗MACD | ✗ZJTJ,-0.0315,-0.0286,-0.0059,-4.19,19.43,22.99,12.31,✗,✗,✗,✗,✗,-2.33,0,-3.08,-4.55,-5.97,
601872,招商轮船,龙头:601872,✗MACD | ✗ZJTJ,-0.8426,-0.5549,-0.5753,-13.83,5.11,8.99,-2.65,✗,✗,✗,✗,✗,-4.46,0,-6.54,-8.95,-20.43,
002993,奥海科技,龙头:002993,✗MACD | ✗ZJTJ,2.5968,3.3171,-1.4407,0.63,33.75,40.93,19.39,✗,✗,✗,✗,✗,-8.98,0,-2.48,-0.87,-13.0,
603456,九洲药业,龙头:603456,✗MACD | ✗ZJTJ,-0.648,-0.7169,0.1376,-5.2,13.74,19.21,2.8,✗,✗,✗,✗,✗,-1.21,0,-2.87,-4.61,-3.1,
002997,瑞鹄模具,龙头:002997,✗MACD | ✗ZJTJ,-0.7816,-0.2749,-1.0135,-9.83,9.44,14.08,0.18,✗,✗,✗,✗,✗,-6.09,0,-7.46,-10.12,-14.05,
300378,鼎捷数智,龙头:300378,✗MACD | ✗ZJTJ,-1.1407,-0.8696,-0.5423,-6.63,29.02,29.49,28.07,✗,✗,✗,✗,✗,3.71,0,-2.0,-7.87,-7.23,
688073,毕得医药,龙头:688073,✗MACD | ✗ZJTJ,-2.7822,-2.0963,-1.3718,-12.4,8.03,12.74,-1.38,✗,✗,✗,✗,✗,-4.11,0,-6.19,-8.12,-17.17,
000997,新 大 陆,龙头:000997,✗MACD | ✗ZJTJ,-0.5941,-0.0427,-1.1028,-14.19,5.97,13.51,-9.1,✗,✗,✗,✗,✗,-8.86,0,-9.63,-13.12,-30.03,
000719,中原传媒,龙头:000719,✗MACD | ✗ZJTJ | ✓KDJ买入,-0.17,-0.1215,-0.0969,-2.96,45.14,43.5,48.42,✗,✗,✓,✗,✗,-2.71,0,-4.66,-3.23,-1.9,
300231,银信科技,龙头:300231,✗MACD | ✗ZJTJ,-0.5637,-0.4017,-0.3241,-14.09,7.25,8.94,3.89,✗,✗,✗,✗,✗,-3.58,0,-5.9,-8.4,-19.08,
600633,浙数文化,龙头:600633,✗MACD | ✗ZJTJ,-0.4015,-0.2584,-0.2861,-8.89,9.16,10.05,7.37,✗,✗,✗,✗,✗,-4.17,0,-7.7,-9.77,-10.91,
002515,金字火腿,龙头:002515,✗MACD | ✗ZJTJ | ✓KDJ买入,0.0162,0.0567,-0.081,-1.34,58.58,49.7,76.33,✗,✗,✓,✗,✗,0.15,0,-3.88,7.38,-4.29,
000812,陕西金叶,龙头:000812,✗MACD | ✗ZJTJ,-0.1047,-0.0842,-0.0409,-5.98,15.02,18.83,7.4,✗,✗,✗,✗,✗,-2.73,0,-3.52,-7.05,-10.1,
688366,昊海生科,龙头:688366,✗MACD | ✗ZJTJ,-1.5758,-1.4238,-0.3038,-7.99,21.03,23.88,15.35,✗,✗,✗,✗,✗,-3.04,0,-4.44,-8.39,-7.35,
000034,神州数码,龙头:000034,✗MACD | ✗ZJTJ,-0.8479,-0.2405,-1.2148,-13.05,8.24,12.3,0.12,✗,✗,✗,✗,✗,-5.65,0,-9.85,-13.28,-21.88,
300864,南大环境,龙头:300864,✗MACD | ✗ZJTJ | ✓KDJ买入,0.1854,0.3394,-0.3078,-1.39,41.04,34.37,54.38,✗,✗,✓,✗,✗,-0.18,0,-0.71,-1.84,-3.36,
300130,新国都,龙头:300130,✗MACD | ✗ZJTJ,0.1947,0.2147,-0.0401,0.26,47.93,60.43,22.94,✗,✗,✗,✗,✗,-6.8,0,-7.56,-5.94,-9.12,
002178,延华智能,龙头:002178,✗MACD | ✗ZJTJ,-0.1318,-0.0845,-0.0945,-6.8,15.85,22.15,3.25,✗,✗,✗,✗,✗,0.0,0,-1.81,-7.03,-12.86,
002048,宁波华翔,龙头:002048,✗MACD | ✗ZJTJ | ✓KDJ买入,-0.5985,-0.3116,-0.5738,-6.81,26.61,21.49,36.87,✗,✗,✓,✗,✗,2.86,0,7.74,4.03,-10.86,
688363,华熙生物,龙头:688363,✗MACD | ✗ZJTJ,-1.9049,-1.5884,-0.633,-10.31,9.72,12.36,4.44,✗,✗,✗,✗,✗,-3.9,0,-5.37,-9.78,-11.41,
600884,杉杉股份,龙头:600884,✗MACD | ✗ZJTJ,-0.457,-0.2457,-0.4226,-9.77,12.76,18.45,1.38,✗,✗,✗,✗,✗,-4.46,0,-5.83,-8.08,-9.73,
002131,利欧股份,龙头:002131,✗MACD | ✗ZJTJ | ✓KDJ买入,-0.4162,-0.3642,-0.1039,-12.65,13.4,13.1,14.02,✗,✗,✓,✗,✗,-2.32,0,-5.85,-10.33,-14.4,
300814,中富电路,龙头:300814,✓MACD买入 | ✓ZJTJ控盘,12.2262,12.1223,0.2079,11.85,48.9,54.24,38.22,✓,✓,✗,✗,✓,-1.15,1,3.98,7.98,5.29,
002349,精华制药,龙头:002349,✗MACD | ✗ZJTJ,-0.1577,-0.1208,-0.0737,-5.36,13.05,22.63,-6.09,✗,✗,✗,✗,✗,-2.99,0,-3.99,-8.06,-5.39,
000923,河钢资源,龙头:000923,✗MACD | ✗ZJTJ,-0.8244,-0.7302,-0.1884,-9.88,13.68,19.35,2.33,✗,✗,✗,✗,✗,-4.96,0,-11.06,-10.49,-12.23,
300776,帝尔激光,龙头:300776,✗MACD | ✓ZJTJ控盘 | ✓KDJ买入,13.1957,13.84,-1.2886,10.64,48.56,45.34,54.99,✗,✓,✓,✗,✗,-3.62,0,8.75,12.33,2.49,
300043,星辉娱乐,龙头:300043,✗MACD | ✗ZJTJ | ✓KDJ买入,-0.2933,-0.2613,-0.064,-10.31,16.15,14.63,19.18,✗,✗,✓,✗,✗,-1.96,0,-2.8,-8.15,-6.24,
301509,金凯生科,龙头:301509,✗MACD | ✗ZJTJ,-2.4133,-2.3294,-0.1678,-12.27,8.74,9.85,6.53,✗,✗,✗,✗,✗,-4.48,0,-6.79,-9.78,-13.13,
002038,双鹭药业,龙头:002038,✗MACD | ✗ZJTJ,-0.3166,-0.2943,-0.0446,-8.76,14.68,16.09,11.87,✗,✗,✗,✗,✗,-2.5,0,-4.38,-7.93,-9.3,
600351,亚宝药业,龙头:600351,✗MACD | ✗ZJTJ,-0.1284,-0.1011,-0.0545,-4.35,24.3,28.8,15.29,✗,✗,✗,✗,✗,-2.09,0,-2.87,-5.73,-4.69,
300793,佳禾智能,龙头:300793,✗MACD | ✗ZJTJ,-0.3809,-0.1987,-0.3643,-9.05,13.99,18.58,4.8,✗,✗,✗,✗,✗,-5.11,0,-5.75,-8.48,-15.42,
300690,双一科技,龙头:300690,✗MACD | ✗ZJTJ,-1.426,-1.2947,-0.2626,-9.49,14.24,14.32,14.09,✗,✗,✗,✗,✗,-3.01,0,-3.36,-7.09,-9.73,
603606,东方电缆,龙头:603606,✗MACD | ✗ZJTJ,-2.6478,-1.9499,-1.3956,-14.01,7.59,9.36,4.05,✗,✗,✗,✗,✗,-3.21,0,-7.71,-11.3,-17.28,
300376,易事特,龙头:300376,✗MACD | ✗ZJTJ | ✓KDJ买入,-0.2264,-0.2598,0.0669,-2.55,42.2,23.13,80.33,✗,✗,✓,✗,✗,20.0,0,17.62,16.02,10.0,
300718,长盛轴承,龙头:300718,✗MACD | ✗ZJTJ | ✓KDJ买入,0.2551,0.7589,-1.0077,-1.91,29.86,25.77,38.04,✗,✗,✓,✗,✗,0.65,0,5.57,6.99,-2.22,
603799,华友钴业,龙头:603799,✗MACD | ✗ZJTJ,-3.2833,-2.4358,-1.6949,-14.17,8.53,12.63,0.33,✗,✗,✗,✗,✗,-6.49,0,-12.21,-12.64,-18.16,
002384,东山精密,龙头:002384,✗MACD | ✓ZJTJ控盘,10.3838,13.0538,-5.34,2.45,54.49,57.09,49.28,✗,✓,✗,✗,✗,-3.8,0,-4.91,11.08,-5.85,
002176,江特电机,龙头:002176,✗MACD | ✗ZJTJ | ✓KDJ买入,-0.5438,-0.266,-0.5557,-14.09,10.39,9.78,11.62,✗,✗,✓,✗,✗,-3.8,0,-5.6,-8.2,-14.0,
002531,天顺风能,龙头:002531,✗MACD | ✗ZJTJ,-0.4908,-0.2281,-0.5255,-15.52,9.46,14.91,-1.44,✗,✗,✗,✗,✗,-5.12,0,-11.71,-12.55,-25.48,
603357,设计总院,龙头:603357,✗MACD | ✗ZJTJ,-0.2307,-0.238,0.0146,-4.08,31.19,33.19,27.18,✗,✗,✗,✗,✗,-1.74,0,-2.02,-4.9,-4.5,
300842,帝科股份,龙头:300842,✗MACD | ✗ZJTJ,-2.8051,-0.91,-3.7902,-12.81,14.35,21.27,0.5,✗,✗,✗,✗,✗,-5.88,0,-6.09,-6.18,-23.3,
300587,天铁科技,龙头:300587,✗MACD | ✗ZJTJ,-0.3317,-0.2277,-0.2079,-15.83,8.75,9.59,7.07,✗,✗,✗,✗,✗,-4.02,0,-7.91,-10.28,-18.64,
300925,法本信息,龙头:300925,✗MACD | ✓ZJTJ控盘 | ✓KDJ买入,-0.2258,-0.3566,0.2616,1.88,60.41,46.92,87.38,✗,✓,✓,✗,✗,3.22,0,6.46,11.83,4.84,
300788,中信出版,龙头:300788,✗MACD | ✗ZJTJ | ✓KDJ买入,-2.0142,-1.7364,-0.5555,-13.08,11.41,10.85,12.52,✗,✗,✓,✗,✗,-3.29,0,-4.36,-10.05,-12.51,
300633,开立医疗,龙头:300633,✗MACD | ✗ZJTJ | ✓KDJ买入,-1.3735,-1.2576,-0.2319,-10.84,13.43,11.07,18.14,✗,✗,✓,✗,✗,-3.69,0,-3.01,-6.13,-11.71,
688041,海光信息,龙头:688041,✗MACD | ✗ZJTJ,-4.1049,4.035,-16.2799,-12.2,9.86,16.76,-3.95,✗,✗,✗,✗,✗,-5.24,0,-9.18,-5.69,-21.23,
000661,长春高新,龙头:000661,✗MACD | ✗ZJTJ,-4.6646,-3.5968,-2.1356,-13.85,5.22,6.06,3.54,✗,✗,✗,✗,✗,-3.36,0,-5.05,-9.6,-17.09,
002045,国光电器,龙头:002045,✗MACD | ✗ZJTJ | ✓KDJ买入,-0.6767,-0.5812,-0.1909,-12.88,14.44,12.91,17.5,✗,✗,✓,✗,✗,-3.84,0,-4.98,-7.29,-11.05,
605300,佳禾食品,龙头:605300,✗MACD | ✗ZJTJ,-0.3285,-0.2082,-0.2406,-9.28,13.54,22.94,-5.26,✗,✗,✗,✗,✗,-3.45,0,-7.04,-11.58,-8.7,
600183,生益科技,龙头:600183,✓MACD买入 | ✓ZJTJ控盘,15.9807,15.4649,1.0316,18.57,66.01,78.3,41.44,✓,✓,✗,✗,✓,-2.4,1,-4.98,-1.16,15.05,
605117,德业股份,龙头:605117,✗MACD | ✗ZJTJ,1.0326,3.3001,-4.5349,-6.97,17.87,30.44,-7.26,✗,✗,✗,✗,✗,-2.61,0,-11.41,-10.38,-13.68,
300724,捷佳伟创,龙头:300724,✗MACD | ✗ZJTJ,-6.4738,-5.5367,-1.8741,-15.56,8.46,12.19,1.01,✗,✗,✗,✗,✗,-5.4,0,-5.77,-10.34,-20.89,
003040,楚天龙,龙头:003040,✗MACD | ✗ZJTJ,-0.7175,-0.6448,-0.1454,-9.53,11.07,11.95,9.29,✗,✗,✗,✗,✗,-4.31,0,-5.05,-7.49,-12.65,
601636,旗滨集团,龙头:601636,✗MACD | ✓ZJTJ控盘 | ✓KDJ买入,0.0848,0.1045,-0.0395,0.68,51.04,46.33,60.46,✗,✓,✓,✗,✗,-3.56,0,9.53,0.3,-4.78,
000001,平安银行,龙头:000001,✗MACD | ✓ZJTJ控盘 | ✓KDJ买入,0.0,0.0,0.0,0.64,73.4,65.76,88.68,✗,✓,✓,✗,✗,0.46,0,0.36,0.36,3.28,
601601,中国太保,龙头:601601,✗MACD | ✗ZJTJ | ✓KDJ买入,-1.4549,-1.3889,-0.1321,-6.79,12.44,12.04,13.25,✗,✗,✓,✗,✗,0.48,0,-0.38,-2.56,-6.28,
300751,迈为股份,龙头:300751,✗MACD | ✗ZJTJ,-8.6498,-1.205,-14.8897,-16.57,13.06,18.58,2.02,✗,✗,✗,✗,✗,-10.24,0,-5.5,-15.04,-30.79,
300172,中电环保,龙头:300172,✗MACD | ✗ZJTJ | ✓KDJ买入,-0.1601,-0.1393,-0.0416,-6.1,22.88,20.1,28.43,✗,✗,✓,✗,✗,-1.69,0,-2.51,-5.48,-6.99,
600505,西昌电力,龙头:600505,✗MACD | ✓ZJTJ控盘 | ✓KDJ买入,0.1715,-0.0163,0.3756,7.86,74.38,65.36,92.42,✗,✓,✓,✗,✗,10.03,0,4.04,13.72,18.23,
002641,公元股份,龙头:002641,✗MACD | ✓ZJTJ控盘 | ✓KDJ买入,0.0063,-0.0034,0.0194,1.26,49.74,44.92,59.4,✗,✓,✓,✗,✗,0.47,0,0.47,-0.7,1.68,
002611,东方精工,龙头:002611,✗MACD | ✗ZJTJ | ✓KDJ买入,-0.0468,0.023,-0.1396,-1.44,45.57,35.5,65.73,✗,✗,✓,✗,✗,-1.79,0,0.5,7.55,-5.24,
605111,新洁能,龙头:605111,✗MACD | ✓ZJTJ控盘,4.5566,5.3963,-1.6794,3.46,28.65,48.95,-11.96,✗,✓,✗,✗,✗,-6.21,0,-12.85,-9.19,-10.87,
600522,中天科技,龙头:600522,✓MACD买入 | ✓ZJTJ控盘 | ✓KDJ买入,2.6248,2.3776,0.4943,12.13,75.0,61.86,101.27,✓,✓,✓,✗,✓,7.51,1,10.12,25.74,15.48,
300919,中伟新材,龙头:300919,✗MACD | ✗ZJTJ,-2.3976,-1.4002,-1.9946,-13.23,7.64,9.78,3.37,✗,✗,✗,✗,✗,-6.13,0,-10.2,-12.14,-15.37,
601611,中国核建,龙头:601611,✗MACD | ✗ZJTJ,-0.6921,-0.5894,-0.2053,-11.4,8.73,13.87,-1.54,✗,✗,✗,✗,✗,-3.78,0,-7.53,-9.34,-11.44,
600138,中青旅,龙头:600138,✗MACD | ✗ZJTJ | ✓KDJ买入,-0.3452,-0.3294,-0.0315,-6.59,23.14,21.98,25.45,✗,✗,✓,✗,✗,-1.31,0,-3.33,-5.27,-4.67,
000676,智度股份,龙头:000676,✗MACD | ✗ZJTJ | ✓KDJ买入,-0.4605,-0.419,-0.0831,-12.28,15.68,14.88,17.28,✗,✗,✓,✗,✗,-1.73,0,-1.9,-6.59,-7.5,
603230,内蒙新华,龙头:603230,✗MACD | ✗ZJTJ | ✓KDJ买入,-0.3139,-0.3253,0.0228,-3.89,34.29,31.2,40.48,✗,✗,✓,✗,✗,-1.72,0,-1.62,-4.04,-4.23,
002056,横店东磁,龙头:002056,✓MACD买入 | ✓ZJTJ控盘,2.1411,1.5864,1.1095,20.91,72.8,80.12,58.15,✓,✓,✗,✗,✓,-9.12,1,-3.64,8.92,18.25,
603338,浙江鼎力,龙头:603338,✗MACD | ✗ZJTJ | ✓KDJ买入,-0.5971,-0.2496,-0.6949,-3.72,28.04,20.96,42.19,✗,✗,✓,✗,✗,-1.3,0,2.09,2.13,-6.79,
300244,迪安诊断,龙头:300244,✗MACD | ✗ZJTJ,-0.6832,-0.5072,-0.3519,-9.08,8.89,11.49,3.7,✗,✗,✗,✗,✗,-3.39,0,-5.36,-10.67,-11.25,
002335,科华数据,龙头:002335,✗MACD | ✗ZJTJ,-1.5089,-0.8005,-1.4168,-11.42,19.27,23.37,11.06,✗,✗,✗,✗,✗,-6.49,0,-10.98,-5.61,-17.5,
300413,芒果超媒,龙头:300413,✗MACD | ✗ZJTJ,-0.9646,-0.8544,-0.2204,-9.93,11.66,13.03,8.94,✗,✗,✗,✗,✗,-2.88,0,-4.77,-9.61,-9.41,
002518,科士达,龙头:002518,✗MACD | ✗ZJTJ,-0.2715,1.0633,-2.6695,-10.56,10.06,14.81,0.55,✗,✗,✗,✗,✗,-5.68,0,-6.38,-7.58,-19.76,
300852,四会富仕,龙头:300852,✗MACD | ✗ZJTJ,0.8217,1.4001,-1.1568,-2.35,34.01,40.72,20.59,✗,✗,✗,✗,✗,-1.36,0,0.54,-1.98,-7.77,
002889,东方嘉盛,龙头:002889,✗MACD | ✗ZJTJ | ✓KDJ买入,-0.5194,-0.4001,-0.2385,-9.45,14.14,13.68,15.05,✗,✗,✓,✗,✗,-2.16,0,-2.08,-5.67,-11.56,
600593,大连圣亚,龙头:600593,✓MACD买入 | ✓ZJTJ控盘,0.5431,0.4017,0.2828,3.02,46.61,61.26,17.32,✓,✓,✗,✗,✓,-3.07,1,-6.6,-4.69,2.98,
603219,XD富佳股,龙头:603219,✗MACD | ✗ZJTJ,-0.3177,-0.0732,-0.489,-8.24,19.93,25.42,8.97,✗,✗,✗,✗,✗,-1.96,0,-7.34,-3.0,-13.25,
688232,新点软件,龙头:688232,✗MACD | ✗ZJTJ,-0.8194,-0.5999,-0.4391,-9.55,8.45,10.93,3.5,✗,✗,✗,✗,✗,-1.09,0,-2.86,-8.02,-12.17,
300075,数字政通,龙头:300075,✗MACD | ✗ZJTJ,-0.3022,-0.1532,-0.2979,-7.55,12.63,13.02,11.85,✗,✗,✗,✗,✗,-1.14,0,-2.56,-5.94,-9.77,
002658,雪迪龙,龙头:002658,✗MACD | ✗ZJTJ | ✓KDJ买入,-0.347,-0.2271,-0.2398,-10.93,13.89,13.8,14.07,✗,✗,✓,✗,✗,-4.07,0,-1.69,-3.21,-12.51,
300628,亿联网络,龙头:300628,✗MACD | ✓ZJTJ控盘,0.6339,0.7072,-0.1466,1.43,46.38,56.13,26.89,✗,✓,✗,✗,✗,-9.97,0,-9.7,-7.02,-3.38,
002213,大为股份,龙头:002213,✗MACD | ✗ZJTJ | ✓KDJ买入,-0.3483,0.0306,-0.7578,-4.15,54.27,42.52,77.78,✗,✗,✓,✗,✗,-5.85,0,1.34,7.53,-8.66,
002262,恩华药业,龙头:002262,✗MACD | ✗ZJTJ,-0.4643,-0.408,-0.1127,-4.41,30.97,37.12,18.68,✗,✗,✗,✗,✗,0.41,0,-2.61,-6.1,-2.32,
300127,银河磁体,龙头:300127,✗MACD | ✗ZJTJ | ✓KDJ买入,-0.8946,-0.577,-0.6353,-8.14,24.52,21.78,30.01,✗,✗,✓,✗,✗,-4.8,0,-0.72,-2.3,-12.47,
001389,广合科技,龙头:001389,✗MACD | ✗ZJTJ,4.4738,7.7387,-6.5298,-3.41,28.3,35.43,14.02,✗,✗,✗,✗,✗,0.91,0,-1.1,-3.68,-8.06,
600096,云天化,龙头:600096,✗MACD | ✗ZJTJ,-0.9045,-0.7326,-0.3439,-6.3,12.07,18.09,0.04,✗,✗,✗,✗,✗,-2.82,0,-6.74,-6.71,-6.38,
002371,北方华创,龙头:002371,✗MACD | ✗ZJTJ,18.5957,29.894,-22.5967,-3.33,21.09,28.82,5.63,✗,✗,✗,✗,✗,-2.92,0,-4.73,-0.7,-16.11,
300568,星源材质,龙头:300568,✗MACD | ✗ZJTJ | ✓KDJ买入,-0.1358,0.0892,-0.45,-6.17,28.55,26.26,33.13,✗,✗,✓,✗,✗,4.84,0,3.44,-4.58,-6.29,
600079,ST人福,龙头:600079,✗MACD | ✗ZJTJ,-0.2996,-0.2857,-0.0278,-2.59,19.02,20.89,15.28,✗,✗,✗,✗,✗,-0.75,0,-0.69,-2.7,-1.93,
002959,小熊电器,龙头:002959,✗MACD | ✗ZJTJ,-1.1602,-0.9889,-0.3425,-6.36,9.45,17.18,-6.01,✗,✗,✗,✗,✗,-2.43,0,-5.82,-7.59,-8.46,
002895,川恒股份,龙头:002895,✗MACD | ✗ZJTJ,-0.6719,-0.4892,-0.3653,-5.76,24.85,43.01,-11.46,✗,✗,✗,✗,✗,-5.67,0,-13.86,-15.99,-7.87,
002159,三特索道,龙头:002159,✗MACD | ✗ZJTJ,-0.6835,-0.6138,-0.1394,-8.28,13.24,14.49,10.73,✗,✗,✗,✗,✗,-3.53,0,-3.73,-8.4,-10.98,
603300,海南华铁,龙头:603300,✗MACD | ✗ZJTJ | ✓KDJ买入,-0.4092,-0.3315,-0.1555,-14.65,6.32,6.04,6.87,✗,✗,✓,✗,✗,-3.61,0,-3.98,-9.63,-16.61,
600869,远东股份,龙头:600869,✓MACD买入 | ✓ZJTJ控盘 | ✓KDJ买入,2.3725,1.9257,0.8936,22.81,84.08,80.3,91.65,✓,✓,✓,✗,✓,-3.72,1,2.04,19.45,30.71,
300092,科新机电,龙头:300092,✗MACD | ✗ZJTJ,-0.8033,-0.6061,-0.3943,-12.43,10.77,10.97,10.37,✗,✗,✗,✗,✗,-3.27,0,-4.2,-7.67,-13.96,
688517,金冠电气,龙头:688517,✗MACD | ✗ZJTJ,-0.5431,0.0097,-1.1056,-13.23,13.01,18.53,1.97,✗,✗,✗,✗,✗,-5.79,0,-9.11,-15.05,-20.86,
300775,三角防务,龙头:300775,✗MACD | ✗ZJTJ | ✓KDJ买入,-2.5552,-2.4049,-0.3005,-15.58,8.53,8.03,9.52,✗,✗,✓,✗,✗,-6.8,0,-7.04,-10.1,-18.27,
002815,崇达技术,龙头:002815,✓MACD买入 | ✓ZJTJ控盘,0.5621,0.4726,0.179,6.85,64.08,69.27,53.71,✓,✓,✗,✗,✓,-3.21,1,1.24,3.74,2.26,
300856,科思股份,龙头:300856,✗MACD | ✗ZJTJ,-0.5058,-0.2329,-0.5458,-13.55,8.16,11.04,2.39,✗,✗,✗,✗,✗,-3.45,0,-8.34,-15.84,-16.9,
301393,昊帆生物,龙头:301393,✗MACD | ✗ZJTJ,-1.3782,-0.2385,-2.2793,-11.04,10.34,13.87,3.28,✗,✗,✗,✗,✗,-7.56,0,-7.75,-11.19,-22.23,
002588,史丹利,龙头:002588,✗MACD | ✗ZJTJ,-0.4561,-0.4073,-0.0976,-8.54,12.37,14.71,7.7,✗,✗,✗,✗,✗,-3.37,0,-5.19,-7.44,-7.53,
603327,福蓉科技,龙头:603327,✗MACD | ✗ZJTJ | ✓KDJ买入,-0.0245,0.0313,-0.1115,-2.22,45.73,44.62,47.94,✗,✗,✓,✗,✗,-4.32,0,-2.21,-5.82,-3.95,
002050,三花智控,龙头:002050,✗MACD | ✗ZJTJ | ✓KDJ买入,-0.476,0.1578,-1.2677,-6.04,24.88,23.03,28.59,✗,✗,✓,✗,✗,-0.27,0,5.1,6.3,-12.11,
688385,复旦微电,龙头:688385,✗MACD | ✗ZJTJ,-4.2547,-2.7714,-2.9666,-18.18,6.67,10.19,-0.39,✗,✗,✗,✗,✗,-5.72,0,-9.16,-11.8,-26.01,
603658,安图生物,龙头:603658,✗MACD | ✗ZJTJ,-0.4854,-0.3491,-0.2726,-3.92,21.5,26.33,11.83,✗,✗,✗,✗,✗,-2.89,0,-2.61,-6.01,-4.64,
300458,全志科技,龙头:300458,✗MACD | ✗ZJTJ,-0.6373,0.1883,-1.6513,-11.77,10.81,17.67,-2.91,✗,✗,✗,✗,✗,-6.47,0,-8.74,-10.12,-20.78,
688658,悦康药业,龙头:688658,✗MACD | ✗ZJTJ,-1.2474,-0.6883,-1.1182,-22.03,11.28,15.15,3.53,✗,✗,✗,✗,✗,-0.95,0,-19.86,-22.6,-28.42,
002607,中公教育,龙头:002607,✗MACD | ✗ZJTJ,-0.1128,-0.074,-0.0776,-13.03,8.26,12.47,-0.16,✗,✗,✗,✗,✗,-4.15,0,-6.73,-14.4,-15.1,
002248,华东数控,龙头:002248,✗MACD | ✗ZJTJ | ✓KDJ买入,-0.8018,-0.6092,-0.3854,-15.88,12.19,9.57,17.42,✗,✗,✓,✗,✗,-2.38,0,-0.4,-3.81,-16.68,
600566,济川药业,龙头:600566,✗MACD | ✗ZJTJ | ✓KDJ买入,0.1139,0.2479,-0.2681,-1.21,41.66,40.39,44.2,✗,✗,✓,✗,✗,-1.46,0,-0.04,-0.54,-4.4,
600587,新华医疗,龙头:600587,✗MACD | ✗ZJTJ,-0.2437,-0.2257,-0.036,-3.28,26.22,36.19,6.3,✗,✗,✗,✗,✗,-0.77,0,-1.45,-5.37,-3.23,
603005,晶方科技,龙头:603005,✓MACD买入 | ✓ZJTJ控盘 | ✓KDJ买入,3.1869,2.8392,0.6954,14.5,64.71,61.12,71.88,✓,✓,✓,✗,✓,-1.42,1,11.4,19.67,4.88,
300771,智莱科技,龙头:300771,✗MACD | ✗ZJTJ | ✓KDJ买入,-0.573,-0.468,-0.21,-9.3,16.78,15.91,18.53,✗,✗,✓,✗,✗,-4.04,0,-3.31,-5.24,-11.64,
300533,冰川网络,龙头:300533,✗MACD | ✗ZJTJ | ✓KDJ买入,-0.8878,-0.766,-0.2437,-9.65,18.95,15.75,25.36,✗,✗,✓,✗,✗,-2.58,0,0.13,-4.39,-12.7,
603789,ST星农,龙头:603789,✗MACD | ✗ZJTJ,-0.0307,0.0042,-0.0698,-3.04,37.58,42.05,28.64,✗,✗,✗,✗,✗,-4.38,0,-5.7,-5.04,-6.35,
000921,海信家电,龙头:000921,✓MACD买入 | ✓ZJTJ控盘 | ✓KDJ买入,0.8376,0.6442,0.3868,7.86,80.78,77.61,87.13,✓,✓,✓,✗,✓,0.22,1,0.9,6.39,7.37,
000951,中国重汽,龙头:000951,✗MACD | ✓ZJTJ控盘 | ✓KDJ买入,-0.0257,-0.2563,0.4612,4.38,75.33,65.8,94.39,✗,✓,✓,✗,✗,4.96,0,2.15,7.34,9.56,
603766,隆鑫通用,龙头:603766,✗MACD | ✗ZJTJ | ✓KDJ买入,-0.4443,-0.3536,-0.1813,-7.03,20.02,19.37,21.34,✗,✗,✓,✗,✗,1.03,0,-3.04,-1.32,-6.39,
600609,金杯汽车,龙头:600609,✗MACD | ✗ZJTJ | ✓KDJ买入,-0.137,-0.1205,-0.033,-6.74,25.37,22.57,30.98,✗,✗,✓,✗,✗,-3.08,0,-1.7,-6.23,-5.98,
300192,科德教育,龙头:300192,✗MACD | ✗ZJTJ | ✓KDJ买入,-0.7791,-0.6417,-0.2749,-8.68,22.33,18.5,29.98,✗,✗,✓,✗,✗,-3.36,0,-0.12,-3.19,-9.05,
300528,幸福蓝海,龙头:300528,✗MACD | ✗ZJTJ,-0.0431,0.1031,-0.2924,-4.57,21.1,31.74,-0.19,✗,✗,✗,✗,✗,-4.9,0,-3.48,-11.6,-12.55,
603908,牧高笛,龙头:603908,✗MACD | ✗ZJTJ | ✓KDJ买入,-0.8805,-0.6528,-0.4554,-9.56,18.24,17.79,19.14,✗,✗,✓,✗,✗,-2.37,0,-2.13,-8.64,-11.11,
002865,钧达股份,龙头:002865,✗MACD | ✗ZJTJ,-4.1842,-1.2072,-5.9539,-20.32,7.32,9.76,2.44,✗,✗,✗,✗,✗,-7.93,0,-9.44,-10.64,-29.17,
603040,新坐标,龙头:603040,✓MACD买入 | ✓ZJTJ控盘 | ✓KDJ买入,1.4326,1.2116,0.4421,3.32,53.65,42.05,76.84,✓,✓,✓,✗,✓,0.15,1,4.01,13.22,-3.26,
000550,江铃汽车,龙头:000550,✗MACD | ✗ZJTJ | ✓KDJ买入,-0.4411,-0.421,-0.0401,-3.59,41.02,39.28,44.49,✗,✗,✓,✗,✗,-2.69,0,-4.75,-0.6,-2.98,
000810,创维数字,龙头:000810,✗MACD | ✗ZJTJ,-0.3274,-0.162,-0.3308,-9.03,11.64,11.98,10.95,✗,✗,✗,✗,✗,-1.89,0,-3.54,-6.76,-13.5,
002555,三七互娱,龙头:002555,✗MACD | ✗ZJTJ,-0.5148,-0.505,-0.0196,-3.8,34.46,35.51,32.38,✗,✗,✗,✗,✗,-4.0,0,-3.9,-5.17,-1.63,
002489,浙江永强,龙头:002489,✗MACD | ✗ZJTJ,0.0198,0.0727,-0.1058,-5.09,19.79,28.35,2.66,✗,✗,✗,✗,✗,-3.29,0,-7.35,-10.63,-8.07,
000400,许继电气,龙头:000400,✗MACD | ✗ZJTJ,-0.7544,-0.34,-0.8287,-11.12,14.02,26.16,-10.27,✗,✗,✗,✗,✗,-4.83,0,-14.82,-18.92,-17.34,
002946,新乳业,龙头:002946,✗MACD | ✗ZJTJ,-0.3093,-0.2129,-0.1929,-4.84,24.8,40.84,-7.28,✗,✗,✗,✗,✗,-1.72,0,-5.42,-11.19,-1.78,
002837,英维克,龙头:002837,✗MACD | ✗ZJTJ,-3.0492,-1.7294,-2.6396,-12.81,14.27,18.13,6.55,✗,✗,✗,✗,✗,-3.82,0,-7.23,-4.06,-22.19,
300687,赛意信息,龙头:300687,✗MACD | ✗ZJTJ,-0.186,0.764,-1.9,-13.5,10.73,14.46,3.26,✗,✗,✗,✗,✗,-5.02,0,-2.52,-4.91,-27.1,
002805,丰元股份,龙头:002805,✗MACD | ✗ZJTJ | ✓KDJ买入,-0.2084,0.2742,-0.9651,-9.35,18.2,16.91,20.79,✗,✗,✓,✗,✗,-5.14,0,-5.73,-7.8,-11.99,
600336,澳柯玛,龙头:600336,✗MACD | ✗ZJTJ,-0.0137,0.1051,-0.2377,-6.4,16.6,20.02,9.76,✗,✗,✗,✗,✗,-7.14,0,-7.38,-10.74,-16.76,
002466,天齐锂业,龙头:002466,✗MACD | ✗ZJTJ,-2.5785,-1.3006,-2.5558,-12.63,11.05,11.73,9.69,✗,✗,✗,✗,✗,-4.84,0,-7.84,-9.6,-15.7,
603399,永杉锂业,龙头:603399,✗MACD | ✗ZJTJ | ✓KDJ买入,-0.0149,0.3914,-0.8125,-7.66,39.11,35.17,46.98,✗,✗,✓,✗,✗,-1.79,0,1.01,-10.35,-3.36,
603612,索通发展,龙头:603612,✗MACD | ✗ZJTJ,-1.2734,-1.2412,-0.0645,-8.7,22.61,23.31,21.22,✗,✗,✗,✗,✗,-1.92,0,-6.99,-4.36,-8.7,
002287,奇正藏药,龙头:002287,✗MACD | ✗ZJTJ,-0.6199,-0.5239,-0.192,-5.77,17.38,19.32,13.51,✗,✗,✗,✗,✗,-1.85,0,-2.98,-5.44,-7.0,
603882,金域医学,龙头:603882,✗MACD | ✗ZJTJ,-0.7914,-0.538,-0.507,-8.35,11.41,16.16,1.89,✗,✗,✗,✗,✗,-2.54,0,-4.72,-10.2,-12.62,
603016,新宏泰,龙头:603016,✗MACD | ✗ZJTJ,-2.4789,-1.4573,-2.0431,-15.47,10.86,13.38,5.83,✗,✗,✗,✗,✗,-5.08,0,-11.76,-10.61,-18.23,
603929,亚翔集成,龙头:603929,✗MACD | ✗ZJTJ | ✓KDJ买入,-5.5832,-6.4188,1.6712,-0.77,58.3,33.55,107.81,✗,✗,✓,✗,✗,10.0,0,24.2,27.66,5.3,
600415,小商品城,龙头:600415,✗MACD | ✗ZJTJ,-0.3835,-0.1655,-0.4361,-11.1,8.2,14.28,-3.96,✗,✗,✗,✗,✗,-5.42,0,-10.64,-13.81,-17.99,
600325,华发股份,龙头:600325,✗MACD | ✗ZJTJ,-0.2036,-0.1909,-0.0253,-11.09,14.84,20.7,3.12,✗,✗,✗,✗,✗,-4.03,0,-4.38,-11.49,-8.39,
300122,智飞生物,龙头:300122,✗MACD | ✗ZJTJ,-0.756,-0.5724,-0.3671,-12.88,8.08,11.63,0.97,✗,✗,✗,✗,✗,-4.1,0,-7.38,-12.92,-12.86,
002756,永兴材料,龙头:002756,✗MACD | ✗ZJTJ,-4.2967,-3.2859,-2.0215,-14.51,9.86,10.73,8.12,✗,✗,✗,✗,✗,-5.09,0,-8.35,-9.47,-15.24,
688621,阳光诺和,龙头:688621,✗MACD | ✗ZJTJ,-2.5062,-2.0219,-0.9684,-10.18,17.1,22.19,6.92,✗,✗,✗,✗,✗,-5.05,0,-11.19,-8.65,-16.3,
002976,瑞玛精密,龙头:002976,✗MACD | ✗ZJTJ,0.1897,1.0753,-1.771,-10.14,17.76,34.83,-16.37,✗,✗,✗,✗,✗,-10.0,0,-14.8,-20.56,-22.19,
002605,姚记科技,龙头:002605,✗MACD | ✗ZJTJ | ✓KDJ买入,-0.4327,-0.4548,0.0442,-2.62,39.07,35.98,45.24,✗,✗,✓,✗,✗,-2.08,0,-0.21,-4.08,-1.47,
001222,源飞宠物,龙头:001222,✗MACD | ✗ZJTJ,-1.0133,-0.8618,-0.303,-12.12,9.55,11.75,5.15,✗,✗,✗,✗,✗,-1.93,0,-3.03,-10.24,-13.41,
002824,和胜股份,龙头:002824,✓MACD买入 | ✓ZJTJ控盘 | ✓KDJ买入,0.1999,0.0835,0.2329,3.69,62.57,60.02,67.67,✓,✓,✓,✗,✓,-10.0,1,1.75,-0.04,3.06,
300558,贝达药业,龙头:300558,✗MACD | ✗ZJTJ,0.1252,0.4067,-0.5629,-1.67,32.22,34.51,27.64,✗,✗,✗,✗,✗,0.06,0,2.32,-4.51,1.43,
002498,汉缆股份,龙头:002498,✗MACD | ✗ZJTJ,-0.2901,-0.1244,-0.3313,-11.72,15.21,16.63,12.37,✗,✗,✗,✗,✗,-3.64,0,-4.36,-6.57,-17.42,
605108,同庆楼,龙头:605108,✗MACD | ✗ZJTJ,-0.7431,-0.7384,-0.0095,-7.63,19.24,24.67,8.38,✗,✗,✗,✗,✗,-2.82,0,-4.28,-8.27,-7.27,
301130,西点药业,龙头:301130,✗MACD | ✗ZJTJ | ✓KDJ买入,-1.1012,-0.7579,-0.6866,-9.58,17.88,16.22,21.22,✗,✗,✓,✗,✗,-3.41,0,-4.79,-7.92,-10.73,
688173,希荻微,龙头:688173,✗MACD | ✗ZJTJ,-0.2644,0.226,-0.9808,-13.21,8.17,12.13,0.27,✗,✗,✗,✗,✗,-5.48,0,-7.66,-8.79,-23.32,
300154,瑞凌股份,龙头:300154,✗MACD | ✗ZJTJ,-0.005,0.2072,-0.4243,-7.96,22.45,22.57,22.2,✗,✗,✗,✗,✗,-3.52,0,-3.22,-1.48,-15.87,
000880,潍柴重机,龙头:000880,✗MACD | ✗ZJTJ,-0.898,-0.0823,-1.6313,-14.77,5.36,10.71,-5.34,✗,✗,✗,✗,✗,-4.13,0,-7.76,-12.22,-23.83,
300424,航新科技,龙头:300424,✗MACD | ✗ZJTJ,0.2097,0.4867,-0.5539,-4.3,19.51,26.57,5.41,✗,✗,✗,✗,✗,-4.67,0,-2.61,-5.52,-11.96,
002444,巨星科技,龙头:002444,✗MACD | ✗ZJTJ,-0.3802,-0.0889,-0.5826,-4.96,17.76,23.1,7.09,✗,✗,✗,✗,✗,-1.93,0,-4.49,-3.84,-6.92,
603617,君禾股份,龙头:603617,✗MACD | ✗ZJTJ,-0.093,-0.0558,-0.0743,-3.53,41.89,42.14,41.39,✗,✗,✗,✗,✗,-2.47,0,-4.44,-4.95,-3.92,
600750,华润江中,龙头:600750,✗MACD | ✓ZJTJ控盘 | ✓KDJ买入,0.3184,-0.0492,0.7352,7.58,83.61,81.29,88.26,✗,✓,✓,✗,✗,0.15,0,-0.54,0.31,13.86,
603199,九华旅游,龙头:603199,✗MACD | ✗ZJTJ,-1.0103,-1.0193,0.0181,-4.15,34.61,35.08,33.66,✗,✗,✗,✗,✗,-2.74,0,-2.35,-4.4,-2.89,
002245,蔚蓝锂芯,龙头:002245,✗MACD | ✓ZJTJ控盘,1.4493,1.6876,-0.4766,4.7,31.93,46.56,2.68,✗,✓,✗,✗,✗,-3.21,0,-0.15,-1.87,-2.07,
603890,春秋电子,龙头:603890,✓MACD买入 | ✓ZJTJ控盘,2.8761,2.3147,1.1229,24.85,76.09,81.17,65.93,✓,✓,✗,✗,✓,-9.99,1,-10.25,3.04,17.95,
002484,江海股份,龙头:002484,✓MACD买入 | ✓ZJTJ控盘,12.6339,10.8217,3.6244,34.64,78.94,87.47,61.88,✓,✓,✗,✗,✓,-7.09,1,-4.53,5.65,35.59,
603339,四方科技,龙头:603339,✗MACD | ✗ZJTJ | ✓KDJ买入,-0.097,-0.1026,0.0112,-0.47,57.95,48.72,76.4,✗,✗,✓,✗,✗,-1.05,0,0.69,1.31,-2.52,
300680,隆盛科技,龙头:300680,✗MACD | ✗ZJTJ,-1.9295,-1.1889,-1.4813,-14.1,14.53,14.92,13.74,✗,✗,✗,✗,✗,-3.09,0,2.32,1.44,-21.11,
000795,英洛华,龙头:000795,✗MACD | ✗ZJTJ | ✓KDJ买入,-0.0731,-0.0737,0.0013,-0.96,47.9,45.94,51.82,✗,✗,✓,✗,✗,-3.26,0,-1.66,0.56,-1.98,
002273,水晶光电,龙头:002273,✗MACD | ✗ZJTJ,0.7257,1.6423,-1.8332,-7.05,14.92,27.3,-9.85,✗,✗,✗,✗,✗,-5.49,0,-7.11,-6.3,-14.72,
601100,恒立液压,龙头:601100,✓MACD买入 | ✓ZJTJ控盘 | ✓KDJ买入,2.2686,1.918,0.7012,4.44,59.2,46.24,85.11,✓,✓,✓,✗,✓,2.19,1,6.33,7.61,7.9,
603867,新化股份,龙头:603867,✗MACD | ✗ZJTJ,0.559,1.0568,-0.9956,-3.04,25.5,27.49,21.53,✗,✗,✗,✗,✗,1.04,0,1.56,2.22,-10.34,
000887,中鼎股份,龙头:000887,✓MACD买入 | ✓ZJTJ控盘 | ✓KDJ买入,0.7897,0.6335,0.3124,8.14,72.78,72.37,73.6,✓,✓,✓,✗,✓,-1.0,1,5.53,3.03,4.26,
002867,周大生,龙头:002867,✗MACD | ✗ZJTJ,-0.1125,-0.0452,-0.1347,-3.28,21.07,24.69,13.82,✗,✗,✗,✗,✗,-2.53,0,-1.81,-4.63,-3.39,
600309,万华化学,龙头:600309,✗MACD | ✗ZJTJ,-2.9807,-2.5905,-0.7804,-7.34,15.5,19.05,8.41,✗,✗,✗,✗,✗,-3.74,0,-5.96,-8.04,-7.75,
300199,翰宇药业,龙头:300199,✗MACD | ✗ZJTJ,0.0643,0.5105,-0.8922,-7.65,13.75,23.53,-5.82,✗,✗,✗,✗,✗,-4.15,0,-7.88,-7.26,-19.01,
601921,浙版传媒,龙头:601921,✗MACD | ✗ZJTJ,-0.0966,-0.1036,0.0141,-1.51,23.39,29.42,11.32,✗,✗,✗,✗,✗,-1.22,0,-0.95,-4.47,0.0,
603035,常熟汽饰,龙头:603035,✗MACD | ✗ZJTJ | ✓KDJ买入,-0.3847,-0.3791,-0.0112,-4.39,25.72,21.18,34.79,✗,✗,✓,✗,✗,-1.31,0,-1.39,-2.83,-4.07,
000528,柳    工,龙头:000528,✗MACD | ✗ZJTJ,-0.2716,-0.2231,-0.097,-6.26,19.14,19.51,18.4,✗,✗,✗,✗,✗,0.94,0,-2.93,-4.97,-6.82,
600586,金晶科技,龙头:600586,✗MACD | ✗ZJTJ | ✓KDJ买入,-0.1869,-0.1418,-0.0902,-8.0,25.39,18.78,38.6,✗,✗,✓,✗,✗,-5.34,0,2.48,-3.12,-10.47,
002422,科伦药业,龙头:002422,✗MACD | ✗ZJTJ,0.3598,0.3908,-0.0619,0.63,23.42,38.75,-7.25,✗,✗,✗,✗,✗,-2.11,0,0.98,-6.43,-1.4,
600129,太极集团,龙头:600129,✗MACD | ✗ZJTJ,-0.4977,-0.4553,-0.0848,-6.11,16.38,24.59,-0.03,✗,✗,✗,✗,✗,-2.69,0,-6.36,-7.78,-7.27,
600967,内蒙一机,龙头:600967,✗MACD | ✗ZJTJ | ✓KDJ买入,-0.649,-0.547,-0.204,-10.04,8.65,7.73,10.49,✗,✗,✓,✗,✗,-2.74,0,-4.56,-8.16,-10.75,
600809,山西汾酒,龙头:600809,✗MACD | ✗ZJTJ,-4.7568,-4.2117,-1.0902,-7.01,10.09,14.81,0.65,✗,✗,✗,✗,✗,-3.33,0,-4.48,-7.93,-8.29,
600976,健民集团,龙头:600976,✗MACD | ✗ZJTJ,-1.0833,-0.7347,-0.6972,-9.72,8.1,13.21,-2.12,✗,✗,✗,✗,✗,-3.56,0,-3.18,-8.79,-13.43,
603093,南华期货,龙头:603093,✗MACD | ✗ZJTJ,-0.5344,-0.0125,-1.0439,-13.27,8.91,15.61,-4.49,✗,✗,✗,✗,✗,-3.72,0,-10.46,-16.79,-19.7,
002535,林州重机,龙头:002535,✗MACD | ✗ZJTJ | ✓KDJ买入,-0.2291,-0.202,-0.0541,-14.18,21.54,21.52,21.58,✗,✗,✓,✗,✗,-4.55,0,-3.08,-9.35,-19.75,
300421,力星股份,龙头:300421,✗MACD | ✗ZJTJ | ✓KDJ买入,-0.9524,-0.4749,-0.955,-12.82,16.81,16.7,17.03,✗,✗,✓,✗,✗,-1.66,0,0.37,-2.32,-19.28,
600101,明星电力,龙头:600101,✗MACD | ✗ZJTJ,0.0623,0.0741,-0.0236,0.06,40.07,54.09,12.02,✗,✗,✗,✗,✗,-2.21,0,-9.4,-6.89,-0.92,
688180,君实生物,龙头:688180,✗MACD | ✗ZJTJ,-2.3782,-1.6451,-1.4662,-17.29,3.45,5.22,-0.09,✗,✗,✗,✗,✗,-3.95,0,-9.31,-12.41,-20.67,
002987,京北方,龙头:002987,✗MACD | ✗ZJTJ | ✓KDJ买入,-0.3114,-0.3657,0.1086,-1.45,50.17,30.44,89.62,✗,✗,✓,✗,✗,1.71,0,9.09,5.49,1.13,
002847,盐津铺子,龙头:002847,✗MACD | ✗ZJTJ,0.0583,0.1093,-0.102,-0.51,34.68,41.41,21.21,✗,✗,✗,✗,✗,0.67,0,1.38,-6.32,-1.24,
600644,乐山电力,龙头:600644,✗MACD | ✗ZJTJ,-0.1308,-0.1232,-0.0152,-1.92,36.5,42.01,25.47,✗,✗,✗,✗,✗,-1.34,0,-6.1,-3.48,-2.21,
605319,无锡振华,龙头:605319,✗MACD | ✓ZJTJ控盘 | ✓KDJ买入,0.1465,-0.201,0.695,7.02,79.07,60.25,116.7,✗,✓,✓,✗,✗,1.88,0,5.7,13.39,12.31,
603920,世运电路,龙头:603920,✗MACD | ✗ZJTJ,0.0005,0.9722,-1.9433,-6.11,33.64,36.39,28.14,✗,✗,✗,✗,✗,-5.71,0,1.33,3.16,-15.67,
002028,思源电气,龙头:002028,✗MACD | ✗ZJTJ,-4.4393,-2.3017,-4.2752,-8.02,19.96,32.37,-4.87,✗,✗,✗,✗,✗,0.06,0,-8.52,-17.78,-12.67,
600699,XD均胜电,龙头:600699,✗MACD | ✗ZJTJ,-0.572,-0.0368,-1.0704,-10.08,11.35,17.56,-1.07,✗,✗,✗,✗,✗,-3.9,0,-5.79,-2.39,-20.82,
603966,法兰泰克,龙头:603966,✗MACD | ✗ZJTJ,-0.3177,-0.2373,-0.1608,-7.59,15.04,16.93,11.25,✗,✗,✗,✗,✗,-2.54,0,-4.85,-7.35,-9.45,
000559,万向钱潮,龙头:000559,✗MACD | ✗ZJTJ | ✓KDJ买入,-0.5465,-0.3085,-0.476,-10.14,19.29,16.61,24.64,✗,✗,✓,✗,✗,-2.19,0,0.2,-2.26,-15.59,
002130,沃尔核材,龙头:002130,✗MACD | ✗ZJTJ,-0.8465,-0.7181,-0.2567,-8.2,19.16,33.78,-10.09,✗,✗,✗,✗,✗,-7.34,0,-11.97,-14.8,-12.09,
002651,利君股份,龙头:002651,✗MACD | ✗ZJTJ | ✓KDJ买入,-0.3871,-0.3377,-0.0987,-8.25,16.92,14.76,21.24,✗,✗,✓,✗,✗,-2.94,0,-3.06,-5.71,-8.23,
002284,亚太股份,龙头:002284,✗MACD | ✗ZJTJ,-0.6115,-0.523,-0.177,-9.86,9.81,11.44,6.55,✗,✗,✗,✗,✗,-4.45,0,-4.28,-4.78,-13.84,
002727,一心堂,龙头:002727,✗MACD | ✗ZJTJ,-0.296,-0.2579,-0.0761,-4.71,25.52,30.33,15.91,✗,✗,✗,✗,✗,-2.64,0,-2.73,-7.3,-1.95,
002580,圣阳股份,龙头:002580,✗MACD | ✗ZJTJ,-0.9838,-0.2483,-1.4711,-15.68,15.12,24.23,-3.12,✗,✗,✗,✗,✗,-4.81,0,-14.44,-22.13,-14.01,
002317,众生药业,龙头:002317,✗MACD | ✗ZJTJ,0.559,0.8763,-0.6346,-2.44,15.39,25.58,-4.99,✗,✗,✗,✗,✗,-0.27,0,-2.68,-5.79,-7.15,
301606,绿联科技,龙头:301606,✗MACD | ✗ZJTJ,-2.587,-1.1464,-2.8812,-12.64,8.51,12.87,-0.21,✗,✗,✗,✗,✗,-4.37,0,-8.73,-12.31,-19.72,
300121,阳谷华泰,龙头:300121,✗MACD | ✓ZJTJ控盘 | ✓KDJ买入,-0.0418,-0.1318,0.1801,3.24,58.39,45.14,84.89,✗,✓,✓,✗,✗,-3.1,0,4.92,12.78,-0.16,
002162,悦心健康,龙头:002162,✗MACD | ✗ZJTJ,-0.1987,-0.1847,-0.028,-8.32,16.37,16.82,15.47,✗,✗,✗,✗,✗,-3.17,0,-2.92,-7.81,-9.18,
002046,国机精工,龙头:002046,✓MACD买入 | ✓ZJTJ控盘 | ✓KDJ买入,1.1459,0.8141,0.6635,6.25,78.1,63.56,107.17,✓,✓,✓,✗,✓,10.0,1,5.95,20.47,7.17,
688183,生益电子,龙头:688183,✗MACD | ✓ZJTJ控盘,5.0757,6.1013,-2.0513,1.31,36.34,54.14,0.75,✗,✓,✗,✗,✗,-4.87,0,-12.68,-8.85,1.84,
600621,华鑫股份,龙头:600621,✗MACD | ✗ZJTJ,-0.4556,-0.3268,-0.2576,-8.57,6.04,7.36,3.4,✗,✗,✗,✗,✗,-2.24,0,-5.94,-7.65,-11.4,
688510,航亚科技,龙头:688510,✗MACD | ✗ZJTJ | ✓KDJ买入,-1.9303,-1.6886,-0.4834,-11.69,31.41,21.64,50.94,✗,✗,✓,✗,✗,-4.36,0,2.45,0.61,-11.31,
000530,冰山冷热,龙头:000530,✓MACD买入 | ✓ZJTJ控盘 | ✓KDJ买入,0.0985,0.0295,0.1381,6.86,81.56,74.61,95.45,✓,✓,✓,✗,✓,2.85,1,2.69,1.56,14.87,
300436,广生堂,龙头:300436,✗MACD | ✗ZJTJ,-6.9148,-3.0615,-7.7065,-22.42,4.5,8.89,-4.28,✗,✗,✗,✗,✗,-3.41,0,-12.42,-15.45,-29.09,
600276,恒瑞医药,龙头:600276,✗MACD | ✗ZJTJ,-1.9898,-1.6879,-0.6038,-7.88,9.75,12.84,3.58,✗,✗,✗,✗,✗,-2.42,0,-2.67,-6.57,-6.68,
603848,好太太,龙头:603848,✗MACD | ✗ZJTJ | ✓KDJ买入,-0.4628,-0.3559,-0.2138,-6.7,19.67,18.56,21.88,✗,✗,✓,✗,✗,-3.42,0,-2.62,-4.47,-7.29,
002757,南兴股份,龙头:002757,✗MACD | ✗ZJTJ,-0.8372,-0.0021,-1.6701,-16.86,8.35,10.49,4.07,✗,✗,✗,✗,✗,-6.97,0,-11.48,-12.49,-23.15,
300158,振东制药,龙头:300158,✗MACD | ✗ZJTJ | ✓KDJ买入,-0.1879,-0.1946,0.0134,-4.09,35.82,34.16,39.15,✗,✗,✓,✗,✗,-2.88,0,-6.99,-1.17,-3.98,
600933,爱柯迪,龙头:600933,✗MACD | ✗ZJTJ,-0.5161,-0.2973,-0.4376,-9.48,10.34,13.13,4.75,✗,✗,✗,✗,✗,-1.88,0,-2.89,-4.19,-14.93,
601567,三星电气,龙头:601567,✗MACD | ✗ZJTJ,-1.8136,-1.813,-0.0011,-14.97,6.91,7.23,6.25,✗,✗,✗,✗,✗,-3.78,0,-7.34,-10.6,-16.8,
300873,海晨股份,龙头:300873,✗MACD | ✗ZJTJ | ✓KDJ买入,-0.0511,0.0111,-0.1244,-1.81,32.33,31.74,33.52,✗,✗,✓,✗,✗,-3.31,0,2.22,-2.92,-8.04,
688778,厦钨新能,龙头:688778,✗MACD | ✗ZJTJ | ✓KDJ买入,-5.0792,-4.0326,-2.0933,-16.45,8.39,8.17,8.81,✗,✗,✓,✗,✗,-5.97,0,-7.6,-9.54,-19.15,
688028,沃尔德,龙头:688028,✗MACD | ✗ZJTJ,0.3942,2.2824,-3.7765,-5.51,27.44,33.58,15.14,✗,✗,✗,✗,✗,-6.25,0,-4.51,0.1,-16.33,
300945,曼卡龙,龙头:300945,✗MACD | ✗ZJTJ,-0.8262,-0.7512,-0.1501,-10.77,10.72,12.34,7.48,✗,✗,✗,✗,✗,-4.21,0,-6.03,-8.78,-12.23,
300772,运达股份,龙头:300772,✗MACD | ✗ZJTJ,-0.9048,-0.6174,-0.5748,-16.02,8.53,12.05,1.49,✗,✗,✗,✗,✗,-5.44,0,-9.36,-16.35,-20.34,
601218,吉鑫科技,龙头:601218,✗MACD | ✗ZJTJ | ✓KDJ买入,-0.3236,-0.264,-0.1192,-11.99,12.7,12.43,13.24,✗,✗,✓,✗,✗,-4.13,0,-7.06,-9.48,-11.93,
000913,钱江摩托,龙头:000913,✗MACD | ✗ZJTJ,-0.4669,-0.492,0.0502,-4.92,21.36,30.64,2.82,✗,✗,✗,✗,✗,-2.04,0,-5.24,-5.32,-4.25,
603087,甘李药业,龙头:603087,✗MACD | ✓ZJTJ控盘 | ✓KDJ买入,-1.1341,-1.6585,1.0489,1.25,72.01,56.72,102.61,✗,✓,✓,✗,✗,2.58,0,3.4,6.22,6.57,
002029,七 匹 狼,龙头:002029,✗MACD | ✗ZJTJ | ✓KDJ买入,-0.5931,-0.4858,-0.2146,-12.76,18.49,12.95,29.56,✗,✗,✓,✗,✗,2.95,0,-1.88,-5.32,-7.41,
300979,华利集团,龙头:300979,✗MACD | ✗ZJTJ,-1.5051,-1.5494,0.0887,-5.62,21.91,26.85,12.04,✗,✗,✗,✗,✗,-2.51,0,-3.87,-5.23,-6.12,
301166,优宁维,龙头:301166,✗MACD | ✗ZJTJ | ✓KDJ买入,-0.8292,-0.6367,-0.385,-6.47,17.0,15.71,19.6,✗,✗,✓,✗,✗,-1.78,0,-1.64,-4.96,-7.78,
688208,道通科技,龙头:688208,✗MACD | ✗ZJTJ,-1.7485,-0.7462,-2.0045,-18.26,7.72,11.11,0.94,✗,✗,✗,✗,✗,-0.38,0,-5.75,-4.07,-24.94,
000513,丽珠集团,龙头:000513,✗MACD | ✗ZJTJ,-0.6207,-0.6555,0.0697,-2.43,35.8,40.45,26.51,✗,✗,✗,✗,✗,-2.54,0,-2.26,-3.3,-2.64,
300871,回盛生物,龙头:300871,✗MACD | ✗ZJTJ | ✓KDJ买入,-1.3036,-1.216,-0.1751,-9.11,27.09,14.55,52.16,✗,✗,✓,✗,✗,2.99,0,1.99,-1.22,-4.5,
002682,龙洲股份,龙头:002682,✗MACD | ✗ZJTJ | ✓KDJ买入,-0.2532,-0.2167,-0.0731,-8.92,16.89,15.63,19.4,✗,✗,✓,✗,✗,-3.52,0,-3.33,-6.81,-8.87,
002301,齐心集团,龙头:002301,✗MACD | ✗ZJTJ,0.0374,0.1649,-0.255,-6.08,16.96,22.74,5.39,✗,✗,✗,✗,✗,-2.81,0,-8.09,-7.03,-13.45,
600759,ST洲际,龙头:600759,✗MACD | ✗ZJTJ | ✓KDJ买入,-0.4378,-0.5509,0.2261,-5.65,62.74,62.36,63.51,✗,✗,✓,✗,✗,-3.12,0,-6.69,-3.79,10.71,
002539,云图控股,龙头:002539,✗MACD | ✗ZJTJ,-0.6397,-0.5224,-0.2347,-10.29,11.1,15.98,1.35,✗,✗,✗,✗,✗,-3.6,0,-8.65,-8.29,-9.94,
002266,浙富控股,龙头:002266,✗MACD | ✗ZJTJ,-0.0364,0.069,-0.2108,-8.93,10.03,14.75,0.57,✗,✗,✗,✗,✗,-7.49,0,-10.39,-9.86,-15.21,
300726,宏达电子,龙头:300726,✓MACD买入 | ✓ZJTJ控盘,5.2833,4.4691,1.6284,16.93,63.88,65.31,61.02,✓,✓,✗,✗,✓,-9.23,1,2.24,13.18,5.7,
300251,光线传媒,龙头:300251,✗MACD | ✗ZJTJ,-0.751,-0.6916,-0.1188,-10.04,8.64,11.79,2.34,✗,✗,✗,✗,✗,-3.9,0,-5.09,-10.31,-9.47,
301222,浙江恒威,龙头:301222,✗MACD | ✗ZJTJ,0.3844,0.6949,-0.621,-1.64,27.17,33.48,14.56,✗,✗,✗,✗,✗,-10.52,0,-0.39,-6.93,-4.68,
601369,陕鼓动力,龙头:601369,✗MACD | ✗ZJTJ,-0.1393,-0.1425,0.0064,-2.49,24.12,32.74,6.87,✗,✗,✗,✗,✗,0.0,0,-1.34,-8.69,-0.9,
600320,振华重工,龙头:600320,✗MACD | ✗ZJTJ,-0.1529,-0.1074,-0.091,-7.98,10.04,12.34,5.44,✗,✗,✗,✗,✗,-2.63,0,-4.52,-7.88,-10.12,
600873,梅花生物,龙头:600873,✗MACD | ✗ZJTJ,-0.2386,-0.2485,0.0198,-3.52,13.35,22.25,-4.43,✗,✗,✗,✗,✗,0.33,0,-0.11,-2.23,-3.16,
600299,安迪苏,龙头:600299,✗MACD | ✗ZJTJ,-0.6802,-0.6266,-0.1073,-10.07,12.3,13.81,9.27,✗,✗,✗,✗,✗,-2.68,0,-6.35,-8.21,-9.43,
002532,天山铝业,龙头:002532,✗MACD | ✗ZJTJ,-0.7122,-0.556,-0.3125,-10.91,13.67,19.93,1.15,✗,✗,✗,✗,✗,-4.71,0,-15.8,-12.03,-14.49,
002536,飞龙股份,龙头:002536,✗MACD | ✗ZJTJ,-0.0797,0.8243,-1.8079,-8.3,21.5,23.92,16.66,✗,✗,✗,✗,✗,-3.62,0,-2.66,-1.45,-16.71,
300389,艾比森,龙头:300389,✗MACD | ✗ZJTJ | ✓KDJ买入,-1.0112,-0.9784,-0.0655,-10.39,10.69,10.45,11.18,✗,✗,✓,✗,✗,-4.26,0,-4.26,-6.16,-11.89,
002821,凯莱英,龙头:002821,✗MACD | ✗ZJTJ,-1.0432,0.0911,-2.2686,-4.69,25.28,29.48,16.88,✗,✗,✗,✗,✗,-3.19,0,-3.49,-2.45,-9.17,
605098,行动教育,龙头:605098,✗MACD | ✗ZJTJ | ✓KDJ买入,-1.1885,-0.992,-0.393,-3.66,38.66,34.59,46.79,✗,✗,✓,✗,✗,4.36,0,1.5,-0.19,1.29,
300866,安克创新,龙头:300866,✗MACD | ✗ZJTJ,-1.6962,0.8807,-5.1538,-10.23,11.47,21.29,-8.19,✗,✗,✗,✗,✗,-4.38,0,-8.04,-12.56,-12.53,
603129,春风动力,龙头:603129,✗MACD | ✗ZJTJ | ✓KDJ买入,-6.3831,-5.6173,-1.5317,-4.46,32.45,26.69,43.97,✗,✗,✓,✗,✗,2.84,0,2.63,-0.47,-3.33,
301603,乔锋智能,龙头:301603,✗MACD | ✓ZJTJ控盘 | ✓KDJ买入,6.1333,7.6737,-3.0808,2.87,58.14,44.55,85.33,✗,✓,✓,✗,✗,-0.92,0,7.05,9.09,1.53,
600888,新疆众和,龙头:600888,✗MACD | ✓ZJTJ控盘,0.6248,0.6722,-0.0948,4.91,35.28,55.87,-5.91,✗,✓,✗,✗,✗,-5.61,0,-7.78,-11.76,-5.61,
301019,宁波色母,龙头:301019,✗MACD | ✗ZJTJ,-0.507,-0.2002,-0.6135,-8.59,12.77,14.1,10.11,✗,✗,✗,✗,✗,-3.99,0,-4.45,-8.23,-12.11,
002111,威海广泰,龙头:002111,✗MACD | ✗ZJTJ,-0.2133,-0.0537,-0.3191,-8.56,11.04,12.17,8.78,✗,✗,✗,✗,✗,-4.29,0,-4.86,-7.25,-12.74,
600885,宏发股份,龙头:600885,✗MACD | ✗ZJTJ,0.9696,1.2884,-0.6376,-0.29,28.81,46.18,-5.95,✗,✗,✗,✗,✗,-3.36,0,-7.15,-7.71,-6.88,
603267,鸿远电子,龙头:603267,✓MACD买入 | ✓ZJTJ控盘,5.2587,4.7892,0.9389,12.45,57.02,72.46,26.16,✓,✓,✗,✗,✓,-10.0,1,-12.68,-6.24,-0.69,
